file_name,image_id,direction,diagonal_type,angle_deg,elongation_ratio,fragment_agreement,num_annotations,source,note
DeepCrack_IMG27-10_jpg.rf.LUhMG0gVj4RpYwPNRyJ0.jpg,0,Horizontal,,160.76,50.784,1.0,1,pca,
GAPS384_train_0543_1_641_jpg.rf.LbTo44luPpedlJkBkU2T.jpg,1,Vertical,,89.01,80.19,0.989,2,pca,
CRACK500_20160222_164851_1281_1081_jpg.rf.y8Q7EkKdcSc2yf1M9OmY.jpg,2,Vertical,,83.71,55.237,0.808,3,pca,
CRACK500_20160222_115858_641_1081_jpg.rf.LTN60KQcZGj85uWF4mPg.jpg,3,Vertical,,97.27,701.959,1.0,1,pca,
CRACK500_20160328_154454_721_1_jpg.rf.LbAQVPd2IDSxwD2cef4e.jpg,4,Vertical,,70.58,19.247,1.0,1,pca,
CRACK500_20160328_153829_1_1_jpg.rf.Lb4Hr0fxL2w4qFyJJ5Az.jpg,5,Horizontal,,3.6,10.358,1.0,1,pca,
CRACK500_20160222_115714_1281_721_jpg.rf.yFjryzepmKejB97XZfiK.jpg,6,Vertical,,84.61,401.928,1.0,1,pca,
CRACK500_20160328_153632_1_721_jpg.rf.LsHdixqhX2CpCdE9OZhl.jpg,7,Horizontal,,165.39,13.343,1.0,1,pca,
CFD_071_jpg.rf.xRDnF5zYDRJtmGBvX6vq.jpg,8,Mixed,,1.38,2.342,0.207,7,pca,
CRACK500_20160328_151343_1_361_jpg.rf.LdokXHjGeu2Lfhukywd6.jpg,9,Horizontal,,4.9,15.87,1.0,1,pca,
cracktree200_6720_jpg.rf.ySIOuhHxQ5lGn0i9xRHD.jpg,10,Vertical,,82.93,4.266,1.0,1,pca,
CFD_038_jpg.rf.yYkz7FWqIiAE1xf1JEBG.jpg,11,Horizontal,,8.74,94.792,1.0,1,pca,
cracktree200_6721_jpg.rf.Q2guiBscU1iJCDalIYGs.jpg,12,Mixed,,63.82,1.47,1.0,1,pca,
CFD_063_jpg.rf.yj1HNUeDswSE2gewNYn8.jpg,13,Mixed,,138.83,4.777,0.22,5,pca,
CRACK500_20160222_165031_641_1081_jpg.rf.QMRgTM2yLW66BFPY1SOg.jpg,14,Vertical,,82.53,83.356,1.0,1,pca,
cracktree200_6254_jpg.rf.yPcegCAIdpIO10ljk1mr.jpg,15,Diagonal,/,144.68,2.39,1.0,1,pca,
CRACK500_20160222_081011_1921_721_jpg.rf.QQdi8rO5gTLZP5nFJga1.jpg,16,Horizontal,,178.19,13.49,1.0,1,pca,
CRACK500_20160329_104205_1_721_jpg.rf.QmXmVrnHURoX6DtqVD0X.jpg,17,Horizontal,,177.51,28.63,1.0,1,pca,
DeepCrack_11175-3_jpg.rf.8xSX57sCoIwkP8ESpiWi.jpg,18,Horizontal,,176.61,40.415,1.0,1,pca,
Eugen_Muller_8980a_160_194_558_577_jpg.rf.LVQ2sVmVzl36UhH79FM0.jpg,19,Mixed,,134.64,1.567,0.562,4,pca,
CRACK500_20160330_170308_1_721_jpg.rf.QSfszx8x4fMprE3UPMps.jpg,20,Diagonal,/,152.56,17.478,1.0,1,pca,
CRACK500_20160222_115843_1281_361_jpg.rf.MVVEu82QDrhfCaofSSzs.jpg,21,Vertical,,95.48,49.338,0.983,2,pca,
CRACK500_20160222_165012_641_1_jpg.rf.94IlG2hsNNOaNS8JGUhj.jpg,22,Vertical,,107.0,81.686,1.0,1,pca,
CRACK500_20160328_154318_641_361_jpg.rf.QoqPoDhOnY5mmGvz7xXe.jpg,23,Vertical,,72.0,1.93,0.797,3,pca,
CFD_045_jpg.rf.yznUfvyL52ev8aV8imaQ.jpg,24,Horizontal,,158.55,8.255,1.0,1,pca,
CFD_077_jpg.rf.z0q7XGVF9Q9hioMQ5Kud.jpg,25,Diagonal,\,27.33,1.967,1.0,1,pca,
CRACK500_20160222_081011_641_361_jpg.rf.ymVSMxfCrv2gfSCuQ8JW.jpg,26,Horizontal,,21.34,5.223,1.0,1,pca,
CRACK500_20160328_150820_1921_361_jpg.rf.MjRsyRNidVMMsdSfMrMl.jpg,27,Vertical,,111.06,9.043,1.0,1,pca,
CFD_031_jpg.rf.yzK7XDPfKqfxWXBR3jjd.jpg,28,Mixed,,159.2,2.925,0.431,4,pca,
CRACK500_IMG_2941_1297_485_jpg.rf.N2rUzuE5jINFuSrT4C54.jpg,29,Horizontal,,168.53,38.607,1.0,1,pca,
DeepCrack_7Q3A9060-20_jpg.rf.z7c7sOhK2618JB6zbs3c.jpg,30,Diagonal,/,134.38,3.416,1.0,1,pca,
CFD_069_jpg.rf.QxnBvl46DiLN6YCODQMx.jpg,31,Diagonal,\,27.31,128.228,0.774,2,pca,
GAPS384_train_1284_541_1_jpg.rf.9cQotrMPVhKEeeyGhOrX.jpg,32,Vertical,,89.4,259.177,1.0,1,pca,
CRACK500_20160324_173527_1_361_jpg.rf.z7MVLbaJeJU8rlrAMcw8.jpg,33,Horizontal,,168.47,11.313,1.0,1,pca,
GAPS384_train_0570_541_1_jpg.rf.ps6c3gHv1HpFt6xeWHjt.jpg,34,Vertical,,87.8,20.648,0.732,2,pca,
Rissbilder_for_Florian_9S6A2787_736_3071_2423_2302_jpg.rf.pnDeRFXSIL1vbTZ8QMHc.jpg,35,Diagonal,\,48.7,2.743,0.766,2,pca,
CRACK500_20160222_081908_641_361_jpg.rf.XXOsFFmTvH3bmVVL3KPU.jpg,36,Horizontal,,2.27,30.587,0.994,3,pca,
CRACK500_20160328_153801_1921_361_jpg.rf.MvB2g0nMMKzes0Ob92J2.jpg,37,Horizontal,,6.85,51.482,0.998,2,pca,
CFD_009_jpg.rf.ps95phd1cFDbTq6eliOT.jpg,38,Horizontal,,176.39,12.595,1.0,2,pca,
Rissbilder_for_Florian_9S6A2789_417_366_2465_2405_jpg.rf.P8huoIgrMj8lCgZfgDfh.jpg,39,Vertical,,106.83,34.46,1.0,1,pca,
GAPS384_train_0917_1_1_jpg.rf.q0PQWWWrIFWxrFv0NqIO.jpg,40,Vertical,,88.68,32.767,1.0,1,pca,
CRACK500_20160316_144241_641_361_jpg.rf.q1ieEC0WJ0n19Vsbl9Dz.jpg,41,Vertical,,91.75,115.312,1.0,1,pca,
CRACK500_20160328_154352_641_1_jpg.rf.Xu9iGBD0RvpKtegC5imT.jpg,42,Diagonal,\,45.16,3.789,1.0,1,pca,
GAPS384_train_0597_1_1_jpg.rf.q93PCComEsTJIUEpHMjN.jpg,43,Vertical,,97.75,93.186,1.0,1,pca,
CRACK500_20160329_094016_641_361_jpg.rf.XzP6KLzSFmd6v93pJe8G.jpg,44,Horizontal,,6.39,7.217,1.0,1,pca,
CRACK500_20160402_150314_1281_721_jpg.rf.q5VCTAksRueBOJRE9DN0.jpg,45,Diagonal,/,145.4,10.557,0.575,2,pca,
CRACK500_20160405_172849_1921_721_jpg.rf.9TZhguKOiVGKpI54SjZ8.jpg,46,Diagonal,\,32.51,11.172,1.0,1,pca,
CRACK500_20160328_153533_641_1081_jpg.rf.P5bXig7KRTCZCtbg0tXg.jpg,47,Horizontal,,3.84,10.869,1.0,1,pca,
CRACK500_20160222_081839_641_721_jpg.rf.zS1Dk1QcATbKtwfrzKnh.jpg,48,Horizontal,,0.97,31.188,1.0,1,pca,
DeepCrack_11258-1_jpg.rf.P8ZjRiooqAmvLFjw6V1Q.jpg,49,Mixed,,131.12,1.291,0.561,4,pca,
CRACK500_20160222_164936_641_361_jpg.rf.88dR8Qi7hPcd8NYEJUp1.jpg,50,Vertical,,96.95,39.443,1.0,1,pca,
DeepCrack_7Q3A9060-13_jpg.rf.9IlAftGL1TwVA9bs6wyp.jpg,51,Horizontal,,6.15,18.205,1.0,1,pca,
CRACK500_20160307_145113_1281_361_jpg.rf.qT7yeEosB8GgQzA5swKt.jpg,52,Diagonal,/,123.1,7.096,0.999,2,pca,
CRACK500_20160328_153657_1921_1081_jpg.rf.Xt7UM4VUex1K5uYuLDFS.jpg,53,Horizontal,,11.57,15.194,1.0,1,pca,
CRACK500_20160222_164141_1_1081_jpg.rf.YfTF6sobydqvNZhhowRP.jpg,54,Diagonal,/,117.86,85.341,1.0,1,pca,
CRACK500_20160222_081031_1921_721_jpg.rf.Y0X62G4NXPxg6wB7PnuW.jpg,55,Horizontal,,4.57,78.089,1.0,1,pca,
CFD_095_jpg.rf.qKTyDzyYJ0rjQQl6a4as.jpg,56,Horizontal,,176.27,86.575,0.958,2,pca,
CRACK500_20160222_114759_1_361_jpg.rf.YbAB5jk8WSZLO2r7sF45.jpg,57,Diagonal,\,60.34,7.121,1.0,1,pca,
CRACK500_IMG_2938_1297_485_jpg.rf.qTCvLScY8GynXcTLgj9Y.jpg,58,Horizontal,,9.35,18.198,1.0,1,pca,
CRACK500_20160222_115224_1281_361_jpg.rf.pvHZzs8eTfUAWNRRFvij.jpg,59,Vertical,,83.59,5.305,0.89,4,pca,
DeepCrack_11170_jpg.rf.YmGutt1R232LKeWHO4RM.jpg,60,Horizontal,,20.73,195.215,1.0,1,pca,
CRACK500_20160329_104120_1921_361_jpg.rf.qBGnL855mfZahqKRa8Mk.jpg,61,Vertical,,103.45,32.288,1.0,1,pca,
CRACK500_20160308_072951_1921_721_jpg.rf.95LrT73oCxe10OoObn7I.jpg,62,Diagonal,/,153.02,8.688,1.0,1,pca,
CRACK500_20160328_154454_1281_361_jpg.rf.qh3XdK8HoPgLcx3Cc53N.jpg,63,Horizontal,,16.32,2.608,0.886,2,pca,
CRACK500_20160302_155914_361_1921_jpg.rf.Z43RfMfxPavOEi6twRJ4.jpg,64,Vertical,,96.03,17.186,1.0,1,pca,
CFD_103_jpg.rf.8NnEdlBZQ3BQsxnOtg2m.jpg,65,Horizontal,,5.37,49.547,1.0,1,pca,
CRACK500_20160222_115714_641_1_jpg.rf.qmIopCt1JWceSCBAPTEc.jpg,66,Vertical,,84.95,317.303,1.0,1,pca,
CRACK500_20160222_082414_1281_721_jpg.rf.qjGQYtSeGzKm8bOphKAV.jpg,67,Diagonal,\,62.2,349.265,1.0,1,pca,
CRACK500_20160222_081102_1921_1_jpg.rf.Z33MGHpV0DEcz2UqNq7V.jpg,68,Diagonal,/,126.81,5.53,0.964,3,pca,
CFD_118_jpg.rf.ZFcPs3StPExF7xcijUbw.jpg,69,Horizontal,,1.42,106.242,1.0,1,pca,
GAPS384_train_0551_1_1_jpg.rf.qkbCPwSAEf1WFR0qqBwk.jpg,70,Vertical,,92.13,43.249,1.0,2,pca,
CRACK500_20160222_081031_1_721_jpg.rf.zgnWlYLTfJI0DEqvk7NH.jpg,71,Diagonal,/,138.45,71.753,1.0,1,pca,
CRACK500_20160222_115224_641_1081_jpg.rf.MCkBRsr6sb1eloGXDIVM.jpg,72,Horizontal,,162.62,46.144,0.983,4,pca,
CRACK500_20160324_170347_641_1_jpg.rf.Yo1dGDYe9GdQh9sb4scq.jpg,73,Vertical,,86.52,320.411,1.0,1,pca,
CRACK500_20160222_164000_641_361_jpg.rf.r5GjUTOODzd5qdjpw5ow.jpg,74,Mixed,,149.48,1.626,0.366,9,pca,
CRACK500_20160222_115847_641_1081_jpg.rf.r73J0jpZpGalVEbGDxIT.jpg,75,Vertical,,94.38,410.523,1.0,1,pca,
CRACK500_20160330_170302_1921_721_jpg.rf.8PVxhnzJrEzXNCawEuND.jpg,76,Horizontal,,18.37,8.596,1.0,1,pca,
CRACK500_20160329_094016_1_361_jpg.rf.rIQHrfIHbPkllZbOy8cQ.jpg,77,Horizontal,,10.74,5.662,1.0,1,pca,
CFD_002_jpg.rf.ZkTrT99tWyHaKiccvPUE.jpg,78,Horizontal,,167.71,5.042,0.98,2,pca,
CRACK500_20160222_081908_1281_361_jpg.rf.qezRHJKt0RgH13rGXGnl.jpg,79,Vertical,,97.98,279.798,1.0,1,pca,
CRACK500_20160222_115738_1281_1081_jpg.rf.ZPMLhh81YCW4tPiX74jG.jpg,80,Vertical,,87.05,12.406,0.985,4,pca,
CRACK500_20160222_080850_1281_721_jpg.rf.PEPJJxBte1gPLoTMIEdP.jpg,81,Diagonal,/,137.28,9.695,1.0,1,pca,
CFD_101_jpg.rf.r7eVlWumti3Uyr9dGZKD.jpg,82,Mixed,,149.68,3.099,0.304,35,pca,
CRACK500_20160222_163940_641_361_jpg.rf.qp31IV73TveFjREx7HFV.jpg,83,Mixed,,13.47,1.456,0.998,2,pca,
CRACK500_20160402_150110_1281_1081_jpg.rf.Zfkov7nVpsWn5NKyAcMe.jpg,84,Vertical,,103.39,70.656,1.0,1,pca,
CRACK500_20160307_164517_641_1_jpg.rf.aFWbtbY6CaqwiVAeeJF0.jpg,85,Vertical,,97.84,357.093,1.0,1,pca,
CRACK500_20160222_165402_1281_1_jpg.rf.8PunJvB8lqudzMjZfNuD.jpg,86,Vertical,,91.5,176.367,0.997,2,pca,
CFD_097_jpg.rf.rLw14IdSnh5Jfua0SXRH.jpg,87,Mixed,,134.91,1.484,0.324,45,pca,
CRACK500_20160316_183217_1281_361_jpg.rf.rLfp85Z12tWFKaO6yGxF.jpg,88,Vertical,,93.52,26.586,1.0,1,pca,
CRACK500_20160222_081031_641_361_jpg.rf.aC2T8NI0jpLpy75p1MGk.jpg,89,Horizontal,,169.65,19.704,1.0,1,pca,
CRACK500_20160222_115324_1281_361_jpg.rf.PGtPEXFWFszmaq3YH1lP.jpg,90,Diagonal,/,119.92,50.089,1.0,1,pca,
GAPS384_train_0997_1_1_jpg.rf.aCSjCKdSZbV8ZYJSIglS.jpg,91,Vertical,,73.13,35.805,1.0,1,pca,
CRACK500_20160330_164743_641_361_jpg.rf.ZKOgNDxfrwUGQQxlhz2N.jpg,92,Diagonal,/,147.59,5.675,1.0,1,pca,
CRACK500_20160222_115837_1281_1_jpg.rf.FWgZopM5qkr6EnoXzse7.jpg,93,Mixed,,19.89,1.197,0.581,7,pca,
CRACK500_20160222_081111_1281_721_jpg.rf.81wg7jE9VJVL0z9jwdBe.jpg,94,Horizontal,,22.26,21.012,1.0,1,pca,
CRACK500_20160222_115843_1281_1_jpg.rf.ZsDzInvG4wRwf7zRG50y.jpg,95,Vertical,,80.84,4.982,0.68,2,pca,
CRACK500_20160329_104201_1281_721_jpg.rf.FW6BggWvMbwsqnt3gv64.jpg,96,Horizontal,,175.86,13.73,1.0,1,pca,
CRACK500_20160328_151429_641_721_jpg.rf.EYGrvYAG7xgEDwgZKvC2.jpg,97,Vertical,,104.65,5.506,0.525,2,pca,
CRACK500_20160222_165625_641_361_jpg.rf.V7szT1YGQaXPDSt8UQSx.jpg,98,Horizontal,,175.75,29.762,1.0,1,pca,
CRACK500_20160316_144230_1281_721_jpg.rf.WA3nEn7JNGnRPBJwWgBd.jpg,99,Vertical,,95.7,46.71,1.0,1,pca,
CRACK500_20160222_163930_1281_721_jpg.rf.VjHxO8vjURlO74vNTm3K.jpg,100,Horizontal,,11.72,72.36,0.985,2,pca,
CRACK500_IMG_2937_649_485_jpg.rf.EP5LGRh3CSh1r8HQEYkS.jpg,101,Horizontal,,5.98,49.588,0.993,2,pca,
CRACK500_20160222_165218_1281_721_jpg.rf.VjgGiQqupKtzLem2Hogd.jpg,102,Horizontal,,14.67,3.121,0.564,2,pca,
CRACK500_20160222_081908_641_721_jpg.rf.PEmNQe0r5K19mInt1Zop.jpg,103,Horizontal,,18.66,4.603,0.661,6,pca,
CRACK500_20160306_103830_641_1081_jpg.rf.VEiNwWVRaFBqVgKaBsgC.jpg,104,Vertical,,88.98,99.455,1.0,1,pca,
CRACK500_20160222_163930_1_721_jpg.rf.FyMzG3m8Znkh3Hsbtb26.jpg,105,Vertical,,104.57,1.982,0.979,2,pca,
CFD_056_jpg.rf.FvHt73StEhDaiYX2zxFB.jpg,106,Horizontal,,10.52,5.823,0.567,2,pca,
CRACK500_20160222_115305_641_1_jpg.rf.Vss0PDL0ei3G1BQuRQU1.jpg,107,Vertical,,69.48,40.304,1.0,1,pca,
CRACK500_20160222_164141_1921_721_jpg.rf.Vu2JhGxDU99XCWVK4R3p.jpg,108,Mixed,,31.26,1.776,0.203,8,pca,
CRACK500_20160222_163940_1_721_jpg.rf.GcVJgyNNKKO0kB7XRah6.jpg,109,Mixed,,45.59,1.274,0.994,4,pca,
CRACK500_20160222_114759_1_1081_jpg.rf.aGtNaRx0UCjnYeFIay4A.jpg,110,Mixed,,7.43,2.976,0.123,7,pca,
CRACK500_20160316_143527_1281_1081_jpg.rf.GOpmrDmxo9fImNl0zm8F.jpg,111,Diagonal,\,63.64,1.953,0.684,4,pca,
GAPS384_train_0547_541_641_jpg.rf.GT9nz4WikRXhxhnNjgM5.jpg,112,Vertical,,88.64,90.01,1.0,1,pca,
CRACK500_20160302_155914_361_1281_jpg.rf.8mHYDo1aOMLvvox3pZKm.jpg,113,Vertical,,98.34,8.546,1.0,1,pca,
CFD_081_jpg.rf.8w6yRiudwE7xtOEMoMzP.jpg,114,Mixed,,113.2,1.759,0.134,10,pca,
CRACK500_20160328_150932_1_361_jpg.rf.FPBYhjPigT2cS43vcH0R.jpg,115,Diagonal,\,36.75,8.191,1.0,1,pca,
CRACK500_20160328_151429_641_1_jpg.rf.V76y1ayM4ZOxTj8zphgi.jpg,116,Vertical,,102.14,6.44,1.0,1,pca,
CRACK500_20160328_154159_1921_361_jpg.rf.8ngd8Bd5YSOPU7DsRFQ8.jpg,117,Horizontal,,12.64,9.423,1.0,1,pca,
CRACK500_20160308_073245_1_361_jpg.rf.GYxGI1U57NLRcwgLVI3n.jpg,118,Horizontal,,173.92,26.648,1.0,1,pca,
CFD_023_jpg.rf.Gyq49iD7tm8BMZAIk5Qr.jpg,119,Horizontal,,19.56,10.205,1.0,1,pca,
CRACK500_20160328_151402_1921_721_jpg.rf.WKhoBgvE0DNzRtek9LsC.jpg,120,Diagonal,\,44.05,2.215,0.998,2,pca,
GAPS384_train_0421_1_1_jpg.rf.Gnco9vmyt00AZ7SUqiEF.jpg,121,Vertical,,93.01,50.335,1.0,1,pca,
CRACK500_20160222_165256_1281_361_jpg.rf.WQnRuxxvbfLnDE6h8dLJ.jpg,122,Vertical,,82.96,297.972,1.0,1,pca,
CFD_059_jpg.rf.EOACstHMyQkHTfuzysCz.jpg,123,Horizontal,,5.26,6.531,0.776,3,pca,
GAPS384_train_0604_541_1_jpg.rf.WTeGlYm0SJ4dNmVB6z5M.jpg,124,Diagonal,\,29.31,8.137,1.0,2,pca,
CRACK500_20160328_151657_1281_1_jpg.rf.PMKOpUy0V59SedN2YoeI.jpg,125,Vertical,,90.5,151.308,0.999,2,pca,
Eugen_Muller_7723_382_146_299_267_jpg.rf.PNjlSNPnJN2rqmMhvz5G.jpg,126,Diagonal,/,124.35,40.718,1.0,1,pca,
CRACK500_20160328_151429_1281_1_jpg.rf.WlHVeEJdBIPaxutQdPnC.jpg,127,Diagonal,\,42.55,2.349,1.0,1,pca,
CRACK500_20160329_104111_1281_721_jpg.rf.8s897VMPM4XFmm9dpdXd.jpg,128,Diagonal,/,135.71,9.323,1.0,1,pca,
GAPS384_train_0622_541_641_jpg.rf.WDp7Qf0gLoAKNcZ8TWsf.jpg,129,Vertical,,92.62,3.195,0.708,2,pca,
CRACK500_20160328_153654_1281_1_jpg.rf.GrokXfNjx7ZfcoHZIXbU.jpg,130,Diagonal,/,113.85,108.683,1.0,1,pca,
CRACK500_20160222_082414_1_361_jpg.rf.X5ag3l8IoScfA9jHEHyR.jpg,131,Diagonal,\,39.24,4.054,1.0,1,pca,
CRACK500_20160222_163930_1_1_jpg.rf.V2dh80KPBRPUdJWZvztd.jpg,132,Mixed,,62.49,2.601,0.47,6,pca,
CRACK500_20160328_154011_1281_361_jpg.rf.H7yq0CYRWaPuRR8VjCfE.jpg,133,Diagonal,\,25.96,7.994,1.0,1,pca,
CFD_014_jpg.rf.WJLDPNykNMWXTzN28OH5.jpg,134,Horizontal,,176.89,335.975,0.995,2,pca,
CRACK500_20160329_104133_641_721_jpg.rf.FvlBr1G4GfRzU7jn19AK.jpg,135,Diagonal,/,141.9,5.614,1.0,1,pca,
CFD_011_jpg.rf.WCp0CyIvQo0ljIGaCSvI.jpg,136,Horizontal,,171.7,28.415,0.945,2,pca,
CRACK500_20160307_144842_1281_1_jpg.rf.H6ULWUw9VopkRMBB7v2S.jpg,137,Vertical,,82.81,2.981,1.0,1,pca,
CRACK500_20160329_103807_1_361_jpg.rf.WUwmJ0aDdvsgR252PfkT.jpg,138,Vertical,,83.18,5.577,0.698,2,pca,
DeepCrack_11123-1_jpg.rf.TEjl1UlYhLyeuHGxqrGH.jpg,139,Horizontal,,160.56,2.812,1.0,1,pca,
CFD_035_jpg.rf.X9EtsaHR0FjOLDdG5n2X.jpg,140,Horizontal,,13.33,2.237,0.516,11,pca,
Eugen_Muller_4470_187_362_517_460_jpg.rf.H90wDEt7oElOjanlYiSI.jpg,141,Horizontal,,10.68,88.542,1.0,1,pca,
CRACK500_20160330_170848_641_361_jpg.rf.GrGr13QDx9UAVuRONIFI.jpg,142,Vertical,,93.61,5.798,0.851,4,pca,
CRACK500_20160328_154429_1921_721_jpg.rf.X7quadbQaEkBpf98Lvof.jpg,143,Diagonal,\,41.53,6.643,1.0,1,pca,
CRACK500_20160222_080933_361_1921_jpg.rf.TGAYSljaIkOGrEQmjNNN.jpg,144,Vertical,,84.53,28.519,1.0,1,pca,
CRACK500_20160330_160957_1281_1081_jpg.rf.XKZAxOxro8Pc4On8vAaD.jpg,145,Horizontal,,13.66,3.942,0.997,2,pca,
CFD_068_jpg.rf.8wsU1OFwsItmwh4hBvYD.jpg,146,Mixed,,11.82,2.23,0.183,13,pca,
cracktree200_6722_jpg.rf.FTNTya0PzsTBKmjB2VMh.jpg,147,Diagonal,/,113.88,2.196,1.0,1,pca,
CRACK500_20160222_115224_641_361_jpg.rf.1p3RsKlxEh6UiA6Mcqav.jpg,148,Vertical,,94.12,127.16,1.0,1,pca,
CRACK500_20160326_162538_1281_361_jpg.rf.TWLUPGXuy6bQm3Ft9ta0.jpg,149,Horizontal,,169.52,11.286,1.0,1,pca,
CRACK500_20160222_164141_1921_1_jpg.rf.1t3VUMHsuYj5j9iWvnxE.jpg,150,Mixed,,62.32,1.728,0.198,15,pca,
CRACK500_20160328_153657_1281_361_jpg.rf.TjJ0EZCjhGlDhhUUuP9E.jpg,151,Vertical,,96.25,174.359,1.0,1,pca,
CRACK500_20160222_081908_1281_1_jpg.rf.2VLvLvNqRFzRERSuESJ8.jpg,152,Vertical,,92.76,732.282,0.999,4,pca,
GAPS384_train_1125_541_1_jpg.rf.TRcCRTxVSRyklQzTG71r.jpg,153,Mixed,,37.66,2.91,0.416,2,pca,
CRACK500_20160307_144115_641_721_jpg.rf.2N8gktnFvM2fd9D8qpIq.jpg,154,Vertical,,99.94,48.016,1.0,1,pca,
CRACK500_20160316_143445_1_1081_jpg.rf.PzCL1nbsTFjOLgpZoXHM.jpg,155,Vertical,,101.3,55.589,1.0,1,pca,
CFD_092_jpg.rf.PdnmRCLdl1IA4zSxd7uj.jpg,156,Diagonal,\,39.67,15.181,0.921,2,pca,
Rissbilder_for_Florian_9S6A2784_761_2294_2988_2496_jpg.rf.1xHUTWrLRsWA0vZSLhAi.jpg,157,Vertical,,106.05,2.093,0.978,2,pca,
CFD_028_jpg.rf.2rGYXWPjLapT92lYUYy9.jpg,158,Horizontal,,2.86,89.401,1.0,1,pca,
CRACK500_20160308_155720_641_361_jpg.rf.TbNoQ0BLhRPirCdnAkaH.jpg,159,Vertical,,85.05,28.691,1.0,1,pca,
CRACK500_20160402_150938_641_721_jpg.rf.U4r3xHZD41HfYeD2tkuQ.jpg,160,Horizontal,,21.85,20.647,1.0,1,pca,
CRACK500_20160222_165909_1281_721_jpg.rf.XPJyupqulSLAtuJYL8IH.jpg,161,Diagonal,\,65.76,52.863,1.0,1,pca,
Rissbilder_for_Florian_9S6A2784_669_1493_2208_2153_jpg.rf.PKIzwaEwKW4IffCFjMiP.jpg,162,Vertical,,82.53,2.027,0.636,2,pca,
CRACK500_20160222_165012_641_721_jpg.rf.Q0R9Uuw0t6aXlNjamP07.jpg,163,Vertical,,99.77,88.104,1.0,2,pca,
CFD_065_jpg.rf.2yznS6YshPLnQXUq6HRi.jpg,164,Mixed,,43.95,1.686,0.251,2,pca,
CRACK500_20160222_115305_641_361_jpg.rf.Trc7qEUEyJu9e6zdMya7.jpg,165,Vertical,,90.77,768.936,1.0,1,pca,
CRACK500_20160222_081011_641_721_jpg.rf.2dANpsFbSSe7MJrFbFJa.jpg,166,Horizontal,,9.1,41.894,0.979,2,pca,
DeepCrack_11296-8_jpg.rf.U0C8FIGhcrozjRrli2ma.jpg,167,Mixed,,136.09,1.738,0.598,2,pca,
DeepCrack_11151-1_jpg.rf.2tZdic29Wus7zum5ptag.jpg,168,Diagonal,\,54.93,237.483,1.0,1,pca,
CRACK500_20160222_115305_641_721_jpg.rf.TxJ2Yb5k3aFScirrZDFD.jpg,169,Vertical,,102.82,11.772,0.879,2,pca,
CRACK500_20160222_164000_1281_721_jpg.rf.2tQjKiePbpMN1rpuSxvM.jpg,170,Mixed,,130.38,1.451,0.95,2,pca,
CFD_005_jpg.rf.TfutqXCflYnJlCpV34Dx.jpg,171,Horizontal,,0.47,349.686,1.0,1,pca,
CRACK500_20160222_164936_641_721_jpg.rf.3FJy8f63LRIX5YPUoAwM.jpg,172,Vertical,,82.32,128.375,1.0,1,pca,
CRACK500_20160222_165037_1281_721_jpg.rf.TWyXvVFnxaBSzQGsJLh8.jpg,173,Horizontal,,14.09,62.859,1.0,1,pca,
CRACK500_20160222_081113_641_361_jpg.rf.39M1Mo6LEp316En5r1ik.jpg,174,Horizontal,,176.1,3.66,0.61,4,pca,
DeepCrack_11155-1_jpg.rf.hLWuoejVXD20Sc5Gr4gT.jpg,175,Horizontal,,14.39,62.21,1.0,1,pca,
CRACK500_20160222_115233_641_361_jpg.rf.1rB8HlI9F3sGonCjHvT6.jpg,176,Horizontal,,173.62,20.702,0.999,2,pca,
CRACK500_20160222_164920_641_721_jpg.rf.V0yoQYbeo8cROfBPcNnq.jpg,177,Vertical,,86.74,59.276,1.0,1,pca,
CRACK500_20160330_165325_1281_361_jpg.rf.3KqvSo7hvEn0056wFj7O.jpg,178,Diagonal,/,130.07,16.036,0.588,2,pca,
CRACK500_20160328_152328_1281_361_jpg.rf.UK6TZJMO9GPUK1ArA44Z.jpg,179,Horizontal,,0.02,5.532,1.0,1,pca,
CRACK500_20160328_150933_1281_721_jpg.rf.3DVoAC2TZnWxOzAlCcBl.jpg,180,Horizontal,,21.57,21.268,1.0,1,pca,
CRACK500_20160222_115224_1281_1081_jpg.rf.hDHL682ITQG0WoExUCCR.jpg,181,Diagonal,\,59.4,206.384,1.0,1,pca,
CRACK500_20160222_164822_1281_1_jpg.rf.2ZOiq8gWOD79wo7kRXMn.jpg,182,Vertical,,94.18,18.722,1.0,1,pca,
CRACK500_20160222_165715_1921_721_jpg.rf.UCLqKyYJ2CrLiXWZoNvj.jpg,183,Diagonal,\,26.16,4.726,0.966,2,pca,
CRACK500_20160222_165037_1_721_jpg.rf.3DN47tAebAYSmC50YgDN.jpg,184,Mixed,,102.38,10.562,0.201,4,pca,
CRACK500_20160222_081113_1_1_jpg.rf.UbmrT6A7F9itfEJ6Balu.jpg,185,Vertical,,91.66,1.901,0.997,3,pca,
DeepCrack_11248-3_jpg.rf.f9g84B4ZkcDM0uXzRYBC.jpg,186,Vertical,,95.75,546.885,1.0,1,pca,
CRACK500_20160222_165225_1281_721_jpg.rf.TlH5RGn2vM89oNrnpYqP.jpg,187,Diagonal,\,36.59,14.249,1.0,1,pca,
CRACK500_20160222_080933_721_641_jpg.rf.WZHKgmgNgZorPRRkRkn6.jpg,188,Vertical,,96.32,26.736,1.0,1,pca,
DeepCrack_IMG25-5_jpg.rf.UjhLjAtOJBhS7Ja5trGr.jpg,189,Vertical,,89.97,198.471,1.0,1,pca,
CFD_019_jpg.rf.2s7b6JJ6fL0S0MshAXDj.jpg,190,Horizontal,,173.81,4.496,0.541,4,pca,
CRACK500_20160222_164000_1921_1_jpg.rf.hSJjncYHxohOmooOof9u.jpg,191,Mixed,,9.56,2.523,0.246,3,pca,
GAPS384_train_1140_541_1_jpg.rf.fRxTT4SHAaJmcTuBygy7.jpg,192,Vertical,,96.71,19.42,1.0,1,pca,
CFD_041_jpg.rf.hRf5UYmx1uqqUfgmBUvB.jpg,193,Horizontal,,1.9,82.184,1.0,1,pca,
CRACK500_20160222_114759_1281_1_jpg.rf.WYAWB8TcakWR0tOVNnRi.jpg,194,Vertical,,92.99,4.756,0.944,6,pca,
CRACK500_20160329_094003_641_721_jpg.rf.hW714Sd5z9pIdC3qkVwT.jpg,195,Diagonal,/,135.67,13.603,0.524,3,pca,
CRACK500_20160222_115519_641_1_jpg.rf.fJvfkZ4qo41q6ACXCym6.jpg,196,Vertical,,83.36,65.912,0.966,2,pca,
CRACK500_20160222_114759_641_361_jpg.rf.hkApKDSCuTRf1OlBToxs.jpg,197,Vertical,,86.02,2.239,0.601,6,pca,
CRACK500_20160222_115324_641_1081_jpg.rf.fUf4wsdsHIJycfk9LXJV.jpg,198,Vertical,,80.13,12.006,0.931,2,pca,
CRACK500_20160225_114531_1281_721_jpg.rf.UF1F50YOFAJCnVUTWXCf.jpg,199,Mixed,,37.72,1.429,1.0,1,pca,
CRACK500_20160222_115828_641_361_jpg.rf.fsdoU067EmOnfdEeKdel.jpg,200,Vertical,,75.16,45.833,0.815,3,pca,
CRACK500_20160328_154356_641_721_jpg.rf.iCglSJbKnVfodei4C0Pk.jpg,201,Diagonal,/,136.45,13.97,1.0,1,pca,
CRACK500_20160328_153536_641_1_jpg.rf.frnbaLgI94nGR6m31pOm.jpg,202,Diagonal,/,130.85,5.042,1.0,1,pca,
CRACK500_20160222_165256_641_721_jpg.rf.hs1TVYuYH0ENNVgtAcwT.jpg,203,Diagonal,/,139.72,99.88,1.0,1,pca,
CFD_030_jpg.rf.hSM9UIpj9qjEx4RYyijs.jpg,204,Horizontal,,178.26,65.087,1.0,1,pca,
CRACK500_20160222_081839_1281_1081_jpg.rf.3VAn3vR0O8q34jJbWtUl.jpg,205,Vertical,,85.73,309.015,0.989,2,pca,
CRACK500_20160308_073736_1_721_jpg.rf.iJK7We6E6LLKBMe2oUUY.jpg,206,Diagonal,\,26.66,15.032,1.0,1,pca,
CFD_075_jpg.rf.g3dbgOJ6RUGgeqRXh9Wx.jpg,207,Mixed,,4.13,2.305,0.353,3,pca,
CRACK500_20160222_080933_721_1_jpg.rf.f0Bz78cgTJnZMSCZjXve.jpg,208,Vertical,,85.94,14.912,1.0,1,pca,
CRACK500_20160316_144431_1921_361_jpg.rf.iYmtTWkC4jBYr7k2Z7V5.jpg,209,Diagonal,/,155.01,2.348,1.0,1,pca,
CRACK500_20160307_145255_361_1281_jpg.rf.fazLvwRtnKKILfWcFHqQ.jpg,210,Vertical,,90.67,14.474,1.0,1,pca,
CRACK500_20160330_164743_1281_361_jpg.rf.hksBXkF33DRWQFPmiMgi.jpg,211,Horizontal,,21.34,2.488,1.0,1,pca,
CRACK500_20160222_114759_1921_361_jpg.rf.fvFiHeSrmk1x1JrIdTk3.jpg,212,Vertical,,90.98,2.149,0.756,4,pca,
CRACK500_20160222_165225_1281_361_jpg.rf.UD5JqCfzKOvRfZlRFzAw.jpg,213,Diagonal,\,33.05,33.201,1.0,1,pca,
GAPS384_train_0536_541_641_jpg.rf.2yw9woOD1Qz9HV4UjIrS.jpg,214,Mixed,,48.97,1.435,0.328,2,pca,
CRACK500_20160222_081839_1_721_jpg.rf.hxWRheBZDx3vDMBij5Bf.jpg,215,Horizontal,,178.98,79.724,1.0,1,pca,
CRACK500_20160328_153623_1921_721_jpg.rf.g8lp4iYgASljSAGJDyLK.jpg,216,Horizontal,,17.63,7.552,1.0,1,pca,
CRACK500_20160326_141808_641_1_jpg.rf.izPLjS2dgfM3PwvrwNj7.jpg,217,Mixed,,45.2,210.829,0.28,2,pca,
DeepCrack_11141-4_jpg.rf.gNdiEYXTpPmmLqQHfQcQ.jpg,218,Vertical,,72.94,4.105,0.746,2,pca,
CRACK500_20160222_164141_1281_1_jpg.rf.iJ84AXsBYFNqwYamrloN.jpg,219,Mixed,,123.28,1.244,0.097,18,pca,
CRACK500_20160328_151657_641_1_jpg.rf.inW0gbvqQp6Spa1tDt7v.jpg,220,Diagonal,\,60.33,5.07,0.837,3,pca,
CRACK500_20160307_164214_1921_361_jpg.rf.lmohDmvK7Ho8fXHBqhpW.jpg,221,Vertical,,98.45,102.189,1.0,1,pca,
CFD_024_jpg.rf.gLeirIeDIz6QNCKsirwi.jpg,222,Mixed,,82.6,2.408,0.401,22,pca,
CFD_076_jpg.rf.fJ1A9QfpB5tRCvlKX41F.jpg,223,Diagonal,\,42.46,3.701,1.0,1,pca,
CRACK500_20160222_115714_641_361_jpg.rf.jDPffeUnZ0OzkZBqH8gw.jpg,224,Vertical,,83.1,48.78,0.995,2,pca,
CRACK500_20160316_143603_1_1081_jpg.rf.gWyELyt2wOuakLapHQ6K.jpg,225,Vertical,,77.43,66.882,1.0,1,pca,
DeepCrack_IMG33-16_jpg.rf.hMdT9HaEsNyamZCZ7S2d.jpg,226,Horizontal,,8.15,3.472,0.933,2,pca,
CRACK500_20160222_164141_1921_361_jpg.rf.lg1lcjmCc0K5WlUvxnnZ.jpg,227,Mixed,,132.76,1.678,0.221,13,pca,
CRACK500_20160222_080850_641_361_jpg.rf.fIWOtfbecZXDuE92gzuh.jpg,228,Horizontal,,4.23,11.391,1.0,1,pca,
GAPS384_train_1242_541_641_jpg.rf.iUVmirNr7RqY5Kl64t2Y.jpg,229,Diagonal,\,61.39,4.326,1.0,1,pca,
CRACK500_20160307_144924_641_721_jpg.rf.gbjsI3cbxZpkSJwgQvpe.jpg,230,Diagonal,\,25.14,23.369,1.0,1,pca,
DeepCrack_11231-7_jpg.rf.m3Y4sT0jnv4yM1k0n3Al.jpg,231,Diagonal,/,119.58,1.879,1.0,1,pca,
CRACK500_20160222_081102_1281_721_jpg.rf.gf0gWTtTnWLXNDGIYrjL.jpg,232,Horizontal,,13.42,45.771,1.0,1,pca,
CRACK500_20160222_081908_1_1_jpg.rf.mFKU9KYB2TTt1TCsn1y1.jpg,233,Vertical,,88.91,1757.68,0.996,5,pca,
CRACK500_20160222_114759_1921_1_jpg.rf.g4LYUgP5eCLe8qeepxNF.jpg,234,Vertical,,91.69,11.435,0.95,4,pca,
CRACK500_20160222_115738_641_1081_jpg.rf.mSL9YiVyznpR6mIRWavm.jpg,235,Vertical,,90.68,11.374,0.982,4,pca,
CRACK500_20160303_093353_641_361_jpg.rf.gimgRzjY3giEFvUNiOzz.jpg,236,Horizontal,,158.58,4.206,1.0,1,pca,
CRACK500_20160222_165256_1281_1_jpg.rf.lmouOJsVSCazMTSGxpVX.jpg,237,Vertical,,93.15,34.733,1.0,1,pca,
DeepCrack_11296-17_jpg.rf.gHjZDjm7jwBk7lg5Ocfb.jpg,238,Diagonal,\,48.62,9.02,1.0,1,pca,
CRACK500_20160328_153616_1921_1081_jpg.rf.gntIY8FQQyncfAK3Z6bP.jpg,239,Vertical,,100.21,3.705,0.988,2,pca,
cracktree200_6310_jpg.rf.jDTyGsp8i7DrjAOD1rDX.jpg,240,Vertical,,86.76,673.849,1.0,1,pca,
CRACK500_20160222_163930_1921_721_jpg.rf.gnxl7m4lPzinyGHaQeSh.jpg,241,Horizontal,,10.2,1.986,0.675,2,pca,
CFD_054_jpg.rf.mUGoO4pUDw44kUKeiLHd.jpg,242,Horizontal,,179.54,143.577,1.0,1,pca,
DeepCrack_IMG27-9_jpg.rf.rMJUILAORux7N92hQPIF.jpg,243,Horizontal,,167.43,150.857,1.0,1,pca,
CRACK500_20160328_152022_1281_721_jpg.rf.isym1Ch6BEJ5FEJj8CpI.jpg,244,Horizontal,,0.85,11.639,1.0,1,pca,
CRACK500_20160328_151247_1281_1081_jpg.rf.rvZyppCwSV1X8UUKzdNV.jpg,245,Vertical,,111.87,43.346,1.0,1,pca,
CRACK500_20160329_103530_1_361_jpg.rf.mjzrjd0sjqcf98a5NDmi.jpg,246,Diagonal,\,41.16,26.157,0.921,2,pca,
CFD_006_jpg.rf.mfjn57bBvxNVna61P4On.jpg,247,Horizontal,,2.66,153.935,1.0,1,pca,
CRACK500_20160310_114425_1281_721_jpg.rf.rOWWH4WZTYQH2YM9STAB.jpg,248,Vertical,,73.45,36.827,1.0,1,pca,
CFD_061_jpg.rf.mJpEAYIcTDgfDhk7qdgU.jpg,249,Diagonal,/,154.42,4.82,1.0,1,pca,
CRACK500_20160222_165625_1_721_jpg.rf.s2ZGB1fVaJUhAJMvL0Pf.jpg,250,Horizontal,,15.48,35.378,1.0,1,pca,
GAPS384_train_0623_1_641_jpg.rf.ifuIXMHipjzq1W5epHTg.jpg,251,Horizontal,,163.76,15.647,0.947,2,pca,
CRACK500_20160222_081102_1_721_jpg.rf.s4XnNKL4rLiqOwLOWlUT.jpg,252,Horizontal,,176.09,5.446,1.0,1,pca,
CRACK500_20160316_144230_641_721_jpg.rf.n1DWmkN4KNxqlYhbYpkX.jpg,253,Vertical,,81.05,9.05,1.0,1,pca,
CRACK500_20160328_153724_641_1_jpg.rf.rwakpQnxy1qI2SO3zroT.jpg,254,Vertical,,107.97,5.31,1.0,1,pca,
CRACK500_20160330_170201_641_361_jpg.rf.nS9WrTHIeEOfYgHUbXnD.jpg,255,Horizontal,,163.96,9.236,0.856,2,pca,
DeepCrack_11296-16_jpg.rf.rw7zVFeEFqvyQGIQVT7L.jpg,256,Mixed,,39.55,4.122,0.301,2,pca,
Rissbilder_for_Florian_9S6A2786_534_225_3008_3611_jpg.rf.nKlfiQjR3PgVv5EV8Ca6.jpg,257,Horizontal,,6.78,7.124,0.727,2,pca,
cracktree200_6233_jpg.rf.rzKqBtuEWrZzi1jGBKAC.jpg,258,Horizontal,,171.38,2.326,1.0,1,pca,
CRACK500_20160222_115714_1281_1081_jpg.rf.n2BGU3GiHsRMjnbeXoST.jpg,259,Vertical,,99.76,214.444,1.0,1,pca,
Eugen_Muller_8980a_123_420_527_438_jpg.rf.s4L1Ys4XLgNsGWr0qyuw.jpg,260,Mixed,,52.31,1.367,0.214,4,pca,
CRACK500_20160329_094016_1921_721_jpg.rf.nM1KWuwbHTPQBhaRH9ZS.jpg,261,Horizontal,,6.23,7.133,1.0,1,pca,
Rissbilder_for_Florian_9S6A2790_1014_2351_2556_3308_jpg.rf.s4kJ7StsTPtCjz5RUfZv.jpg,262,Vertical,,91.47,3.201,0.998,2,pca,
CRACK500_20160303_093353_1281_721_jpg.rf.sUBIGbstWIjo00kWi10L.jpg,263,Horizontal,,179.37,13.408,1.0,1,pca,
CRACK500_20160329_104031_641_1_jpg.rf.n4G7W1qjztr9FLRuT8o1.jpg,264,Vertical,,85.96,27.759,1.0,1,pca,
CRACK500_20160222_164141_641_721_jpg.rf.mY8dnRtkOymlZQaFWhqR.jpg,265,Mixed,,161.58,1.504,0.317,5,pca,
CFD_001_jpg.rf.sOO6L4YWk8ia10xhpKSy.jpg,266,Horizontal,,174.64,86.145,0.958,2,pca,
CRACK500_20160325_185829_1281_1081_jpg.rf.sf4XNzEGEl6ct8sjbN7t.jpg,267,Diagonal,\,24.78,5.842,1.0,1,pca,
CRACK500_20160328_151945_641_361_jpg.rf.nZyBWAHeEdzgmIgzn4JL.jpg,268,Mixed,,169.03,7.472,0.467,4,pca,
CFD_007_jpg.rf.nsw3ObASBhKeb1dLRMRD.jpg,269,Horizontal,,13.39,20.754,1.0,1,pca,
CRACK500_20160329_094055_641_361_jpg.rf.sq2IX5Vt8ykhHb9P4TUK.jpg,270,Horizontal,,3.71,20.745,1.0,1,pca,
CFD_100_jpg.rf.mX6Jxd0oaInEmgvSDXge.jpg,271,Horizontal,,176.83,69.734,1.0,1,pca,
CRACK500_20160328_154339_1921_361_jpg.rf.t5IzjJvxUYpKGRV3gFR4.jpg,272,Diagonal,\,33.45,22.808,1.0,1,pca,
CFD_026_jpg.rf.ngxjkABN098HiZZj9U6h.jpg,273,Horizontal,,0.49,56.113,1.0,1,pca,
CRACK500_20160222_164825_1281_1_jpg.rf.tFKXDNLhdZQKcUFXxcIv.jpg,274,Vertical,,103.43,47.52,1.0,1,pca,
CRACK500_20160326_150337_1281_361_jpg.rf.CY0IL40mGn6SfrR1P60C.jpg,275,Horizontal,,5.44,4.475,1.0,1,pca,
CRACK500_20160222_115805_641_1081_jpg.rf.CSkhHGGPeDaPhkAT3EQZ.jpg,276,Mixed,,159.97,2.344,0.483,6,pca,
CRACK500_20160328_151014_1921_721_jpg.rf.35IUO61pfAwypV2tl2ET.jpg,277,Diagonal,\,54.38,2.022,1.0,1,pca,
CRACK500_20160222_081908_1281_1081_jpg.rf.sWK90XDZn8i0HtmC8cfv.jpg,278,Vertical,,88.36,246.44,0.965,5,pca,
CRACK500_20160222_081113_1281_721_jpg.rf.CRH6bYeALv09OGs4VU1C.jpg,279,Horizontal,,14.11,46.736,0.956,2,pca,
CRACK500_20160222_164825_1281_361_jpg.rf.tzlWEF5cLf4aCkJjzRmT.jpg,280,Vertical,,110.37,42.169,1.0,1,pca,
CRACK500_20160222_163930_641_721_jpg.rf.CzT2KtfUJYzhN4lKa3hq.jpg,281,Horizontal,,179.75,5.563,1.0,1,pca,
CRACK500_20160324_170309_641_721_jpg.rf.tV9YK4tNteubN2XcUlaj.jpg,282,Vertical,,86.86,140.26,1.0,1,pca,
CRACK500_20160222_163940_1_1_jpg.rf.CkvHburHkV9dDroLruzg.jpg,283,Mixed,,121.46,1.286,0.992,2,pca,
CRACK500_20160328_151355_1281_361_jpg.rf.sCZz9yoL9Yt1UYt3FpRp.jpg,284,Mixed,,129.96,1.691,1.0,1,pca,
CRACK500_20160306_103638_1281_361_jpg.rf.DK2fa9gi6mkzfs83Rcm4.jpg,285,Diagonal,\,22.84,36.884,1.0,1,pca,
DeepCrack_7Q3A9064-20_jpg.rf.tdhKHMHKExbMzw0zHGzM.jpg,286,Diagonal,\,56.75,31.543,0.816,2,pca,
GAPS384_test_0005_1_1_jpg.rf.nB7dCELit75Qq8pTWzcH.jpg,287,Diagonal,\,26.12,1432.633,1.0,1,pca,
CRACK500_20160330_170348_1281_361_jpg.rf.taErDjnQQiyLdgRPEPFZ.jpg,288,Diagonal,\,42.09,3.718,1.0,1,pca,
CFD_052_jpg.rf.sbEYd5JyDKzGCy2KjPBp.jpg,289,Horizontal,,176.01,15.414,1.0,1,pca,
GAPS384_train_0959_1_641_jpg.rf.tdh8XLG2MPE03HVGZQrz.jpg,290,Diagonal,/,148.24,4.056,1.0,1,pca,
GAPS384_train_0545_541_1_jpg.rf.tdkJiwHtUDor1hWocek5.jpg,291,Vertical,,93.06,2.156,0.976,2,pca,
DeepCrack_11215-6_jpg.rf.DWTWROaLRLBF1Wc9DEY1.jpg,292,Diagonal,/,118.92,2.796,1.0,1,pca,
CRACK500_20160222_115837_1281_721_jpg.rf.DkgQ2vxZeOvUiw8N8LR1.jpg,293,Vertical,,98.28,224.741,1.0,1,pca,
CRACK500_20160222_163940_641_721_jpg.rf.toil8xvqvaXl4dlbuSo4.jpg,294,Vertical,,87.62,4.978,1.0,1,pca,
CRACK500_20160222_115224_1281_721_jpg.rf.9tB7UUiacbPBZQC9giK8.jpg,295,Diagonal,\,49.03,100.902,1.0,1,pca,
CRACK500_20160222_164851_641_1081_jpg.rf.9kvDhu3fyQny5BfRJmhd.jpg,296,Vertical,,79.97,4.141,0.992,3,pca,
GAPS384_train_0693_541_641_jpg.rf.A06sAPYsUkH4NiGzZZox.jpg,297,Vertical,,92.78,21.09,1.0,1,pca,
CRACK500_20160222_115233_1281_721_jpg.rf.AHxYtTCVsEmuy726mn8F.jpg,298,Diagonal,\,34.9,42.433,1.0,1,pca,
CRACK500_20160222_164021_641_1081_jpg.rf.AGqVwX0yMpJoVngBmfCP.jpg,299,Vertical,,92.9,114.328,1.0,1,pca,
DeepCrack_11249-1_jpg.rf.AKiAFb7gFL0l2eaS2iXp.jpg,300,Diagonal,/,119.57,26.329,0.982,2,pca,
CRACK500_20160328_151355_1281_721_jpg.rf.BuftNZbLpflQcuQ2oPMv.jpg,301,Diagonal,/,114.22,3.252,1.0,1,pca,
CRACK500_20160308_072944_1921_1_jpg.rf.AIsc58r1D5vNe2fcyOeU.jpg,302,Vertical,,109.74,27.853,1.0,1,pca,
CRACK500_20160222_165037_641_361_jpg.rf.Ab4UBSL5ATdNUfT8dh9z.jpg,303,Horizontal,,167.9,8.776,1.0,1,pca,
Rissbilder_for_Florian_9S6A2784_0_0_3840_5760_jpg.rf.AgGQMbgIgCDb1DzfNFbN.jpg,304,Mixed,,87.68,1.386,0.645,5,pca,
CRACK500_20160328_151402_1281_361_jpg.rf.ATPOa9uXsqkgDercPInp.jpg,305,Mixed,,68.23,8.702,0.208,2,pca,
CRACK500_20160328_153632_641_1_jpg.rf.AS1RLsTBgLCgLTiHHRFF.jpg,306,Vertical,,80.59,143.238,1.0,1,pca,
Rissbilder_for_Florian_9S6A2784_1029_155_2671_3164_jpg.rf.Ar6ZeaWwAANXhz91jGpi.jpg,307,Mixed,,137.01,1.445,0.276,3,pca,
CRACK500_20160329_094452_1921_1_jpg.rf.AsJZWoBmmsiHvfLGssma.jpg,308,Vertical,,100.47,47.128,1.0,1,pca,
CRACK500_20160222_165218_1_361_jpg.rf.AymyCv4EppU80txFzXmB.jpg,309,Horizontal,,162.14,74.189,1.0,1,pca,
CRACK500_20160222_164141_1281_361_jpg.rf.AihF7Jwe7J38cUWujyH8.jpg,310,Mixed,,35.36,1.332,0.285,13,pca,
CRACK500_20160222_164000_1281_1081_jpg.rf.ASvRSOoARC0xMtxEvmmL.jpg,311,Vertical,,95.26,148.254,1.0,1,pca,
CRACK500_20160402_151837_1281_721_jpg.rf.B2BnVCurVEG0DYKDHjl5.jpg,312,Diagonal,/,143.02,53.211,1.0,1,pca,
CFD_110_jpg.rf.Au8H8USgoBUS0SbxG62S.jpg,313,Horizontal,,8.32,77.377,1.0,1,pca,
CFD_115_jpg.rf.B35nEbI6v9I69LEE2YwE.jpg,314,Horizontal,,7.56,8.103,0.904,4,pca,
CRACK500_20160222_164141_641_1_jpg.rf.usGnnb3c3XtQKnntIpjX.jpg,315,Vertical,,91.36,1.951,0.6,19,pca,
CRACK500_20160222_165037_1921_361_jpg.rf.t88amzvDQeffrBr1l8Pp.jpg,316,Horizontal,,168.27,27.699,1.0,1,pca,
DeepCrack_11187_jpg.rf.tA2oncyslF3zJnrwtTf9.jpg,317,Diagonal,/,134.51,4.212,1.0,1,pca,
CRACK500_20160326_162529_1921_721_jpg.rf.v4txAvpO0LsPHrMphcME.jpg,318,Horizontal,,11.07,7.947,1.0,1,pca,
CRACK500_20160308_072951_1281_361_jpg.rf.uqxgEKZLgxXkHMdex60s.jpg,319,Diagonal,\,29.84,95.616,1.0,1,pca,
CRACK500_20160329_093920_1921_361_jpg.rf.uyTwqn8nCcOmPiGVr8HH.jpg,320,Horizontal,,4.15,9.464,1.0,1,pca,
CRACK500_20160405_172849_1_1081_jpg.rf.v3ekKgheNFDbd9pOI7Fn.jpg,321,Diagonal,/,112.62,30.822,0.995,2,pca,
CRACK500_20160328_154202_1921_361_jpg.rf.us3N7AtJNdbc9yAtPt6o.jpg,322,Vertical,,78.58,18.963,1.0,1,pca,
cracktree200_6625_jpg.rf.uC238pZLduGgRbtHGVwB.jpg,323,Diagonal,\,47.17,2.01,1.0,1,pca,
CRACK500_20160308_073736_1921_721_jpg.rf.vI2nsHAm4XHjhMKCZFD8.jpg,324,Horizontal,,6.03,6.492,1.0,1,pca,
DeepCrack_11168_jpg.rf.uymASUuvRtQqfsGKLWjX.jpg,325,Diagonal,/,134.65,155.864,1.0,1,pca,
CRACK500_20160321_185518_1921_1_jpg.rf.v9j0sqaRRgHyCm7Ky9KF.jpg,326,Vertical,,100.76,74.837,1.0,1,pca,
CFD_015_jpg.rf.vU5M3DrgaIwNrYaOkMdV.jpg,327,Horizontal,,2.0,565.735,1.0,1,pca,
CRACK500_20160222_082414_1281_1081_jpg.rf.vWXUmcyyXur41uGlcmja.jpg,328,Vertical,,68.66,87.282,1.0,1,pca,
CRACK500_20160328_151212_1921_721_jpg.rf.o36WvHXsunrFJKQAU2Nr.jpg,329,Mixed,,33.96,1.608,1.0,1,pca,
CRACK500_20160329_104031_1281_721_jpg.rf.vJPHht6MH3Qixm718cNw.jpg,330,Horizontal,,169.69,3.977,1.0,1,pca,
CRACK500_20160318_181602_641_721_jpg.rf.o977Jj8TqbpGbN9oMDdM.jpg,331,Diagonal,/,124.87,5.176,0.708,2,pca,
CRACK500_20160310_114429_641_1081_jpg.rf.o3wmX5k0ZuuTbH6s7eU0.jpg,332,Vertical,,93.21,77.045,1.0,1,pca,
CFD_070_jpg.rf.vYO68pNY1mKEpJQE5xTh.jpg,333,Horizontal,,4.78,15.968,0.742,2,pca,
CRACK500_20160222_115858_641_721_jpg.rf.tvGawGdur9AGX4Ggax4L.jpg,334,Vertical,,92.8,169.897,1.0,2,pca,
CFD_109_jpg.rf.oKtE9iMrfrdSbgoiH2Ln.jpg,335,Horizontal,,2.42,77.78,1.0,1,pca,
CRACK500_20160321_183951_1921_721_jpg.rf.vVK01KFVL2GLzXaCt10z.jpg,336,Horizontal,,179.96,11.069,1.0,1,pca,
CRACK500_20160307_164400_1281_721_jpg.rf.oVvKg3e8PAHNIxCg2ZR1.jpg,337,Vertical,,92.13,117.449,1.0,1,pca,
CRACK500_20160321_183951_641_361_jpg.rf.ocaRLFMtdjk6utURXUwo.jpg,338,Horizontal,,166.73,5.208,1.0,1,pca,
CRACK500_20160329_103609_361_641_jpg.rf.vWY6cH0MvqSN4AVlrxYX.jpg,339,Diagonal,\,58.45,12.89,1.0,1,pca,
CFD_003_jpg.rf.ohyODqFgsfNkunY9QxWS.jpg,340,Mixed,,66.95,1.328,0.613,2,pca,
CFD_020_jpg.rf.o7KiCs85AcbGfLZM42Bk.jpg,341,Diagonal,/,154.32,43.412,1.0,1,pca,
CRACK500_20160325_185829_1281_721_jpg.rf.oqA9gPTLVsWzzOjPuEGA.jpg,342,Diagonal,/,139.0,21.099,1.0,1,pca,
CFD_084_jpg.rf.p6ufx3aFlUJDGwrx8WDg.jpg,343,Mixed,,12.71,1.724,0.151,8,pca,
CRACK500_20160328_151343_1_721_jpg.rf.p8V5sHJVlhVBQy6NUQzW.jpg,344,Diagonal,/,136.01,3.686,1.0,1,pca,
CRACK500_20160329_101520_641_361_jpg.rf.pCUhttuxfnqVefNuS9Ro.jpg,345,Diagonal,/,139.58,18.557,1.0,1,pca,
CRACK500_20160316_143603_1281_1_jpg.rf.p8cRHoG58gsla9abQwMF.jpg,346,Mixed,,109.86,3.985,0.318,2,pca,
CRACK500_20160222_165031_641_1_jpg.rf.pDv1w7U9eIVDBEGQOA0E.jpg,347,Vertical,,83.76,82.383,1.0,1,pca,
CRACK500_20160222_165037_641_721_jpg.rf.oAvXp1NALi0GYPxNE4iO.jpg,348,Horizontal,,5.84,19.723,0.995,2,pca,
CRACK500_20160222_115620_1281_1_jpg.rf.pHAITNO8HXJfD77Be1Sg.jpg,349,Vertical,,90.89,785.452,1.0,1,pca,
CRACK500_20160222_115233_1921_721_jpg.rf.pWRGIVCBWWkAUOnv9i2h.jpg,350,Horizontal,,179.88,34.352,1.0,1,pca,
DeepCrack_7Q3A9060-11_jpg.rf.pGs5dsjrqxwvUAPC06U2.jpg,351,Diagonal,\,23.63,3.951,1.0,1,pca,
CRACK500_20160222_081908_1_361_jpg.rf.pDUnAsVIsTitRX19265Z.jpg,352,Vertical,,86.58,1145.648,0.999,2,pca,
CRACK500_20160405_171456_1921_721_jpg.rf.pOzXsMzwaP7tPZSRztU6.jpg,353,Vertical,,75.3,13.967,0.615,3,pca,
CRACK500_20160328_151423_1921_1_jpg.rf.06auahTYNcpSYhH5DBYz.jpg,354,Vertical,,111.81,133.304,1.0,1,pca,
GAPS384_train_0544_1_1_jpg.rf.0QJ8b0qUcdoLgJRzeZHM.jpg,355,Vertical,,89.09,8.164,1.0,1,pca,
CRACK500_20160328_151808_1_721_jpg.rf.0TczX6FJhReGxymEnakD.jpg,356,Diagonal,\,22.68,19.238,0.818,3,pca,
Rissbilder_for_Florian_9S6A2782_10_871_3141_3988_jpg.rf.011YUQAOyGSd3MXxLq3l.jpg,357,Mixed,,84.19,1.24,0.832,2,pca,
CRACK500_20160308_160128_1921_1_jpg.rf.0snJNIrFcKkZCNCCwZxE.jpg,358,Diagonal,/,136.77,13.725,0.519,2,pca,
CRACK500_20160222_114759_641_1081_jpg.rf.pfmFsaSY2oxaNqTcQ7HV.jpg,359,Mixed,,50.27,1.838,0.497,9,pca,
cracktree200_6710_jpg.rf.14LOA3HOyDrwuEVL4vqD.jpg,360,Diagonal,\,30.97,2.301,1.0,1,pca,
CRACK500_20160222_164822_1281_721_jpg.rf.0zgXG39VkHXDb8iU9Vyb.jpg,361,Vertical,,90.1,29.538,1.0,1,pca,
CRACK500_20160222_164851_641_1_jpg.rf.13qK5QEyQbsEhMsORpYt.jpg,362,Vertical,,96.19,25.548,0.959,2,pca,
CRACK500_20160405_171431_1281_361_jpg.rf.1NfPmAVbgcgBLrgyIDPq.jpg,363,Horizontal,,10.37,12.085,1.0,1,pca,
CRACK500_20160308_072927_1281_721_jpg.rf.1Fv8o1TluqgnVXK9PkYZ.jpg,364,Vertical,,99.68,65.526,1.0,1,pca,
CRACK500_20160222_165951_641_361_jpg.rf.1VscuGOfc3j4LOtl1XRP.jpg,365,Vertical,,87.08,34.54,1.0,1,pca,
CRACK500_20160225_114514_721_641_jpg.rf.1iFUmytUZUyTCgN6zGhu.jpg,366,Mixed,,131.01,1.496,1.0,1,pca,
CRACK500_20160222_115843_641_1081_jpg.rf.1cEbkDwWNobnCfWpHE7K.jpg,367,Vertical,,87.88,537.807,1.0,1,pca,
CRACK500_20160321_185518_1281_721_jpg.rf.1dARxNGrKJIOaCYZFslR.jpg,368,Vertical,,85.09,30.415,1.0,1,pca,
CRACK500_20160324_170408_641_361_jpg.rf.DaTbt9un0sCuq3Kzdzhk.jpg,369,Horizontal,,177.42,21.324,1.0,1,pca,
DeepCrack_11189-2_jpg.rf.DnwQiVV6F2vfjN92OIAi.jpg,370,Vertical,,88.25,824.071,1.0,1,pca,
CRACK500_20160328_154540_1_361_jpg.rf.DfXAsDVUByQIHNrZg1pd.jpg,371,Diagonal,/,149.81,13.685,1.0,1,pca,
CRACK500_20160328_153421_641_1_jpg.rf.E0Pd3aZN0guUPGXQiE2L.jpg,372,Diagonal,\,63.97,5.329,1.0,1,pca,
CRACK500_20160222_164000_1_721_jpg.rf.Dv0w8nkOSyqhrYutcmFb.jpg,373,Vertical,,110.25,8.495,0.91,2,pca,
CRACK500_20160308_073310_1281_361_jpg.rf.E8CPOT9X1UdEPhpCRWjy.jpg,374,Horizontal,,0.23,17.497,1.0,1,pca,
CRACK500_20160330_170302_641_361_jpg.rf.E3sLQl1Gx3dv5slA133s.jpg,375,Vertical,,95.36,11.806,1.0,1,pca,
CRACK500_20160222_115847_1281_361_jpg.rf.EHhkyttc7YXxDWpWMNEX.jpg,376,Vertical,,96.77,40.052,1.0,2,pca,
CRACK500_20160222_115224_641_721_jpg.rf.CTXTr89VHHnTWmSC2Twl.jpg,377,Diagonal,/,113.27,28.242,0.683,2,pca,
CRACK500_20160316_144105_1921_1_jpg.rf.jJmJ6caD68vUc1rlbnxA.jpg,378,Diagonal,/,113.27,73.92,1.0,1,pca,
DeepCrack_IMG33-1_jpg.rf.EGtx4GJDXwiC9JrZEHZv.jpg,379,Horizontal,,173.08,34.307,1.0,1,pca,
DeepCrack_IMG14-3_jpg.rf.jiRxDlWg8H5xQExDubEB.jpg,380,Vertical,,85.28,56.678,1.0,1,pca,
CRACK500_20160316_144230_1921_361_jpg.rf.EC8iD4TrLOMnFt3JW5GD.jpg,381,Horizontal,,171.01,14.286,1.0,1,pca,
CRACK500_20160222_163930_1921_1081_jpg.rf.jmdwx8VHgzozy4L7NFUo.jpg,382,Diagonal,\,64.33,244.615,1.0,1,pca,
CRACK500_20160222_115219_1921_1081_jpg.rf.jo7nmV6iw3eM6j4q1FDp.jpg,383,Diagonal,\,22.67,20.085,1.0,1,pca,
CFD_102_jpg.rf.jrZcTpyLjtjzaeIxf4mv.jpg,384,Mixed,,141.74,1.602,0.187,8,pca,
CRACK500_20160328_152308_1_361_jpg.rf.kQnKXZLIn23Qqb7Jpo2C.jpg,385,Diagonal,/,149.98,5.319,1.0,1,pca,
CRACK500_20160222_115805_641_1_jpg.rf.k8gKiRO8pblowSEysPon.jpg,386,Vertical,,85.93,127.476,1.0,1,pca,
CRACK500_20160222_163930_1281_361_jpg.rf.kpXgcQQStg57au4t5wKV.jpg,387,Horizontal,,4.05,92.745,0.999,2,pca,
DeepCrack_11296-23_jpg.rf.R6wUYgEj1J5edA7Md9FF.jpg,388,Diagonal,\,23.66,3.904,1.0,1,pca,
DeepCrack_11116-4_jpg.rf.RAMs9Ia5oXPUTSxT9PwP.jpg,389,Mixed,,66.91,1.606,0.862,2,pca,
CRACK500_20160222_165218_641_721_jpg.rf.RAlbl8Jrf3mXEB8YGlQf.jpg,390,Diagonal,/,,,,0,manual,no COCO annotation present for this image; hand-labeled by visual inspection (thin crack running bottom-left to top-right)
CRACK500_20160222_081111_1921_721_jpg.rf.ktNkuhNq2xz0JhMwp5Bw.jpg,391,Horizontal,,6.88,6.992,1.0,1,pca,
CRACK500_20160321_183951_1_361_jpg.rf.jmki6yjRHDGhVWZW0cB4.jpg,392,Horizontal,,174.88,5.872,1.0,1,pca,
cracktree200_6204_jpg.rf.jPvHcmkpADLfezQ39sf5.jpg,393,Mixed,,84.26,1.671,0.983,2,pca,
CRACK500_20160222_165218_1921_1081_jpg.rf.l4bgykHiTcdmJSK8Fu5P.jpg,394,Diagonal,\,48.94,10.654,0.609,2,pca,
DeepCrack_11153_jpg.rf.jMNXtUagnK6pAxy5etDQ.jpg,395,Diagonal,\,37.38,2.299,1.0,1,pca,
CFD_091_jpg.rf.lEpd8KFnbkrpiI2SrOxd.jpg,396,Mixed,,14.79,4.335,0.418,6,pca,
DeepCrack_11155_jpg.rf.jQtTeO3y5Bgn3nm4rQbM.jpg,397,Horizontal,,8.88,95.049,1.0,1,pca,
CRACK500_20160402_151054_1_721_jpg.rf.lR7n5LRUGb0penBL9C0I.jpg,398,Vertical,,86.96,7.691,0.984,2,pca,
CRACK500_20160407_163130_1921_721_jpg.rf.lYxgWppcfHsc4d8d73Yk.jpg,399,Horizontal,,14.18,14.918,1.0,1,pca,
CRACK500_20160222_115519_641_1081_jpg.rf.ldhfXll97igH2Oo5HYt3.jpg,400,Vertical,,91.56,324.572,1.0,1,pca,
CFD_096_jpg.rf.ldvUyfM5hz4lbS10SbkX.jpg,401,Horizontal,,176.54,11.754,0.985,4,pca,
CRACK500_20160222_081908_1_721_jpg.rf.R3twAh5fegdKZxuP4x8N.jpg,402,Mixed,,23.35,1.461,0.882,6,pca,
GAPS384_train_0765_541_641_jpg.rf.Remqlh34JHcb70GJbEjo.jpg,403,Vertical,,91.08,23.351,1.0,1,pca,
CRACK500_20160326_142354_641_361_jpg.rf.lO3bf6fq7PemCpGEZenR.jpg,404,Diagonal,/,137.35,6.733,1.0,1,pca,
CRACK500_20160222_115837_1281_1081_jpg.rf.Rfriq6f8h8B2JHUNGEXz.jpg,405,Vertical,,85.75,458.231,1.0,1,pca,
CRACK500_20160222_080850_641_721_jpg.rf.RJYubNW2CPWTxJzNc06V.jpg,406,Mixed,,33.84,8.01,0.144,2,pca,
CRACK500_20160328_153556_1281_1_jpg.rf.RjWT5TzM8zoehP1Hh0VM.jpg,407,Vertical,,94.13,38.384,1.0,1,pca,
CFD_116_jpg.rf.S5AJ0Esf6jitWoWlMu6g.jpg,408,Horizontal,,174.89,55.126,1.0,1,pca,
CRACK500_20160222_114759_641_721_jpg.rf.S8OPWRcavlpc4h8kCSuh.jpg,409,Vertical,,89.33,2.381,0.597,11,pca,
CRACK500_20160222_165715_1921_361_jpg.rf.S53oXENuHhPZDfFMJOxN.jpg,410,Diagonal,/,145.05,17.442,0.664,2,pca,
CFD_048_jpg.rf.SYuJzzT6tNxF5NRl6zBn.jpg,411,Horizontal,,176.24,43.223,1.0,1,pca,
CFD_043_jpg.rf.Sq1OIxYCoayKtuFBB5sH.jpg,412,Horizontal,,6.83,52.295,1.0,1,pca,
CRACK500_20160222_165909_1_1_jpg.rf.Sk3tC92hkVimD47JFmJR.jpg,413,Diagonal,\,64.44,538.629,1.0,1,pca,
CRACK500_20160306_103632_641_721_jpg.rf.Shzj9I9Z1Y0c680rrb3t.jpg,414,Vertical,,85.6,23.093,1.0,1,pca,
CRACK500_20160405_171723_1281_721_jpg.rf.SwJB3tSzY6yXF5y0Z7O7.jpg,415,Mixed,,142.54,1.774,1.0,1,pca,
CRACK500_20160306_104456_1921_721_jpg.rf.C91oxPj1pHRdM0WgtPcV.jpg,416,Horizontal,,167.17,18.816,1.0,1,pca,
Rissbilder_for_Florian_9S6A2786_19_1818_3268_2526_jpg.rf.C2VflNwLRJ2iBY1f3AHy.jpg,417,Horizontal,,2.8,3.729,0.865,2,pca,
CRACK500_20160222_081031_1281_361_jpg.rf.CIEZIaXvLQ84kAgKzGRe.jpg,418,Horizontal,,179.15,36.452,1.0,1,pca,
CRACK500_20160222_164021_1281_1_jpg.rf.HVBx7vDU34altIpWgfuU.jpg,419,Vertical,,78.92,45.358,1.0,1,pca,
CFD_088_jpg.rf.HF6QFnAyuPVte8WeGoPC.jpg,420,Horizontal,,4.68,12.387,0.601,2,pca,
CFD_098_jpg.rf.HCiCKAAmNpZLhNje1x0j.jpg,421,Horizontal,,0.98,87.207,1.0,1,pca,
GAPS384_train_1165_541_641_jpg.rf.IDrW42XWrYGvWG9fyKPy.jpg,422,Vertical,,88.7,306.569,1.0,1,pca,
CFD_066_jpg.rf.HZVzGkqk4PYBFJCbW0XH.jpg,423,Horizontal,,15.08,12.055,0.809,2,pca,
CRACK500_20160328_153732_1281_721_jpg.rf.HuljnKcfXQyYYfYGMAmG.jpg,424,Horizontal,,2.81,16.199,1.0,1,pca,
CRACK500_20160222_115833_1281_721_jpg.rf.Ieyg7CKARnMjzP4DLppQ.jpg,425,Diagonal,\,60.42,204.638,0.994,2,pca,
CFD_113_jpg.rf.IV3q2qYUjcoVYo8LNErG.jpg,426,Horizontal,,6.33,43.486,0.814,2,pca,
CFD_106_jpg.rf.Ixsiajl4T0WjQ8gigL3f.jpg,427,Horizontal,,12.92,7.861,0.949,2,pca,
CRACK500_20160222_115305_1921_361_jpg.rf.IMh61V6d7fFCbOloq4fA.jpg,428,Horizontal,,18.79,78.526,1.0,1,pca,
CRACK500_20160222_164822_1281_361_jpg.rf.HtrtgMwiaA7EYpcYpajy.jpg,429,Vertical,,87.08,80.859,0.997,2,pca,
CRACK500_20160328_151506_641_721_jpg.rf.J4mVnh2xMxM98qMlO2qw.jpg,430,Horizontal,,11.03,8.642,1.0,1,pca,
Rissbilder_for_Florian_9S6A2789_79_2844_3130_2630_jpg.rf.IzWyE238Lzi4lHvaOVZU.jpg,431,Mixed,,76.01,1.211,1.0,1,pca,
CRACK500_20160222_082414_641_361_jpg.rf.CIaecPmtqfSEwFrxi5YU.jpg,432,Horizontal,,11.74,16.818,0.961,3,pca,
CRACK500_20160328_154325_1921_721_jpg.rf.IzgKtbECtOsnAWx7WFkr.jpg,433,Vertical,,92.17,26.069,1.0,1,pca,
CFD_111_jpg.rf.JSKHb7LjjdQSwGZzm5ui.jpg,434,Horizontal,,2.66,4.961,0.673,2,pca,
CRACK500_20160328_154011_1921_721_jpg.rf.Iv1co13nExRUjE6elv5S.jpg,435,Diagonal,\,40.25,14.758,1.0,1,pca,
CRACK500_20160222_115833_641_1_jpg.rf.JEllZNHugxrE8vPNLMFt.jpg,436,Vertical,,69.99,39.86,0.995,2,pca,
CRACK500_20160405_171431_641_721_jpg.rf.3lftnwLa8gvIoXkdPiFP.jpg,437,Vertical,,112.43,6.89,1.0,1,pca,
CRACK500_20160402_150314_1_721_jpg.rf.1d3UxT4J7mPFjcAZz4SB.jpg,438,Diagonal,\,28.32,8.802,1.0,1,pca,
CRACK500_20160222_115738_1281_361_jpg.rf.1BYSw8px1Ubfk2W4swtd.jpg,439,Vertical,,87.52,368.449,1.0,1,pca,
CRACK500_20160222_081102_641_361_jpg.rf.3rmfmpV3gCMYhubLa1Xg.jpg,440,Horizontal,,177.04,17.095,1.0,1,pca,
CRACK500_20160222_115833_1921_1081_jpg.rf.1Cfv5tuV93lO9SBDGDYC.jpg,441,Mixed,,97.02,1.149,0.992,4,pca,
GAPS384_train_0546_541_641_jpg.rf.45MJw8vjO6r2AWTo9Xla.jpg,442,Vertical,,88.5,23.551,1.0,1,pca,
CRACK500_20160222_165037_1_361_jpg.rf.3nM7azxj2V0CEu8G63kL.jpg,443,Horizontal,,1.63,7.061,0.701,2,pca,
CRACK500_20160328_153629_1_361_jpg.rf.44jAokwkEfjsHeKqsEU6.jpg,444,Horizontal,,11.13,6.607,1.0,1,pca,
CRACK500_20160222_114759_1921_721_jpg.rf.3lJupc1vkhh2bhNQiWU5.jpg,445,Mixed,,165.51,1.238,0.628,9,pca,
CRACK500_20160222_114806_1281_1081_jpg.rf.43tI1dn4lmzTv75BkZiN.jpg,446,Vertical,,87.32,2.14,0.973,5,pca,
CRACK500_20160222_081113_1921_721_jpg.rf.4A2k9cUFm3tdhreUy9hN.jpg,447,Diagonal,\,35.4,60.458,1.0,1,pca,
GAPS384_train_0454_541_1_jpg.rf.4F1lQsZWF3Lrxxen9rqM.jpg,448,Vertical,,87.31,12.003,1.0,1,pca,
CRACK500_20160222_163940_641_1_jpg.rf.4J6iNCVIV529dyEESO5C.jpg,449,Mixed,,128.71,1.196,0.968,5,pca,
CRACK500_20160222_082414_1281_361_jpg.rf.47QpRZwBOCTvv2i4PxKK.jpg,450,Diagonal,\,30.79,5.02,0.953,2,pca,
CRACK500_20160329_101503_1921_361_jpg.rf.3yaXkbjGx70R0TWaF6aJ.jpg,451,Diagonal,/,151.31,21.608,1.0,1,pca,
CFD_078_jpg.rf.56GbioQnHwOcg942m5dO.jpg,452,Mixed,,114.38,2.55,0.048,3,pca,
CRACK500_20160328_153536_1281_1081_jpg.rf.5RdvZeRGUm7iJS8Yrg3y.jpg,453,Vertical,,92.72,59.475,1.0,1,pca,
CRACK500_20160222_081111_1281_361_jpg.rf.67YyQ3qgFXX5ywtTHJ9r.jpg,454,Diagonal,\,24.37,94.758,1.0,1,pca,
CRACK500_20160222_114759_1_721_jpg.rf.67wtNxpsgDojujyinIoO.jpg,455,Horizontal,,2.15,8.366,1.0,1,pca,
CRACK500_20160328_153536_1_721_jpg.rf.5CF2jLaDHqFAcY32QEGK.jpg,456,Diagonal,\,42.98,4.203,1.0,1,pca,
CFD_099_jpg.rf.476AK6c61z1PamVqo4Ta.jpg,457,Horizontal,,10.96,68.016,0.993,2,pca,
CRACK500_20160222_165402_641_721_jpg.rf.1V7VzqD0iNHiYBF48TSv.jpg,458,Vertical,,93.61,90.79,1.0,1,pca,
CRACK500_20160222_163940_1281_721_jpg.rf.cwHPd2m23oHUL0EclyvU.jpg,459,Vertical,,77.32,106.616,1.0,1,pca,
CRACK500_20160222_114759_1281_721_jpg.rf.cesfRxiCQ4oxxYgUittY.jpg,460,Mixed,,124.24,1.413,0.307,6,pca,
CRACK500_20160222_115847_1281_1_jpg.rf.JagQZ2KxSBy38GdDllqA.jpg,461,Vertical,,90.48,3.669,0.775,2,pca,
DeepCrack_7Q3A9064-6_jpg.rf.HQBH9bburIj80HYh5uRR.jpg,462,Diagonal,\,52.9,43.969,0.773,2,pca,
cracktree200_6711_jpg.rf.J6ioUcNA4d8Q0G1UuaGA.jpg,463,Mixed,,69.48,1.42,1.0,1,pca,
CRACK500_20160222_164822_641_721_jpg.rf.cxjVOvawZIbJetv0CAp3.jpg,464,Vertical,,101.25,29.419,1.0,1,pca,
CFD_010_jpg.rf.d4UEPH8VLCxfXbcDQJYf.jpg,465,Horizontal,,176.75,220.748,1.0,1,pca,
CRACK500_20160321_185637_641_721_jpg.rf.cptkKqdT5oGczDEwWwMC.jpg,466,Diagonal,/,152.9,5.583,1.0,1,pca,
CFD_060_jpg.rf.6jLwNrfMzVeVFSQ4ECQN.jpg,467,Mixed,,145.18,1.385,0.578,4,pca,
CRACK500_20160318_084343_1_721_jpg.rf.49EUtsF7OdJow5Emm13W.jpg,468,Diagonal,/,134.41,5.749,1.0,1,pca,
CRACK500_20160222_115233_1281_361_jpg.rf.6qfa4fLCxTYvu20pUPbO.jpg,469,Horizontal,,20.83,39.429,1.0,1,pca,
CRACK500_20160222_081113_1281_361_jpg.rf.6T6FVX3rbOCrkq2VwKB0.jpg,470,Horizontal,,175.87,29.05,1.0,1,pca,
cracktree200_6732_jpg.rf.4R8hly9GG619fLZlIis8.jpg,471,Vertical,,101.51,3.454,1.0,1,pca,
CFD_049_jpg.rf.6UNL82DhzklHwaT2yXkE.jpg,472,Horizontal,,167.03,84.237,1.0,1,pca,
CRACK500_20160225_114531_641_1081_jpg.rf.7R56bGOhW02BA7FReyxB.jpg,473,Mixed,,34.14,7.362,0.466,3,pca,
CRACK500_20160328_154318_1921_721_jpg.rf.d7461GwkeYRAYppNtl0Y.jpg,474,Horizontal,,178.42,17.997,1.0,1,pca,
CRACK500_20160316_144212_1_721_jpg.rf.7c0CzdJzEBiaBLEn9r58.jpg,475,Horizontal,,159.01,6.904,0.998,2,pca,
CRACK500_IMG_2942_649_485_jpg.rf.4Q1OwH0QUO8Y95X8d3yg.jpg,476,Horizontal,,178.31,109.962,1.0,1,pca,
CRACK500_20160328_153813_1921_361_jpg.rf.4rlLhzEF5iUG6ezQk2LS.jpg,477,Diagonal,\,53.67,25.335,1.0,1,pca,
CRACK500_20160402_150105_1921_1081_jpg.rf.dZwwXLAPsHLLm7ZRZ07R.jpg,478,Diagonal,\,49.76,5.208,0.864,2,pca,
CRACK500_20160316_143527_641_1_jpg.rf.7l57BKRfpIIvKjkMRSU7.jpg,479,Diagonal,\,62.36,77.058,1.0,1,pca,
CRACK500_20160222_164936_641_1_jpg.rf.7OIMyKMqwR75brEUATfY.jpg,480,Vertical,,100.23,474.925,1.0,1,pca,
cracktree200_6584_jpg.rf.JJmKhzLXd1uUlyh9F24K.jpg,481,Mixed,,161.65,1.643,1.0,1,pca,
CRACK500_20160222_081113_641_721_jpg.rf.d4nLPXCH3A38ug1hz58z.jpg,482,Horizontal,,171.98,17.629,0.99,2,pca,
CRACK500_20160328_152022_1_361_jpg.rf.dUHEE6qSC7WJNaTglZfU.jpg,483,Diagonal,\,37.72,9.914,1.0,1,pca,
CRACK500_20160222_164822_641_1_jpg.rf.d9NPxKGQR4eLPAJHtvYu.jpg,484,Vertical,,83.78,95.74,1.0,1,pca,
CFD_034_jpg.rf.dz6jW5xbKgVNdEMFn33Z.jpg,485,Mixed,,176.84,3.406,0.155,10,pca,
CRACK500_20160222_115519_641_721_jpg.rf.72iqxXzyD4FNJbrXosQb.jpg,486,Vertical,,93.35,115.553,1.0,1,pca,
CRACK500_20160222_165225_1_361_jpg.rf.76A2b5lpmd0YzzwX57tE.jpg,487,Horizontal,,4.23,15.078,1.0,1,pca,
CFD_044_jpg.rf.dh8tPxzMOr2kTiTKXSUT.jpg,488,Horizontal,,177.78,2.113,0.952,4,pca,
CRACK500_20160316_143547_641_1_jpg.rf.7khNRQeSqUKz5jRdhJaD.jpg,489,Horizontal,,17.5,2.805,1.0,1,pca,
Rissbilder_for_Florian_9S6A2791_28_1862_2571_3321_jpg.rf.L3F6ahkFiTGdp2R7dcvS.jpg,490,Vertical,,90.46,277.168,1.0,1,pca,
CRACK500_20160222_164141_1921_1081_jpg.rf.Ie6eMWSDqfkntjy1cmn0.jpg,491,Vertical,,81.97,629.647,1.0,1,pca,
CFD_039_jpg.rf.7fVxmOsMXhbK5gJOUGRS.jpg,492,Horizontal,,4.62,403.036,1.0,1,pca,
DeepCrack_11231-8_jpg.rf.db8TwsBLML3k9AmKv9de.jpg,493,Diagonal,\,40.47,1.994,1.0,1,pca,
CRACK500_20160222_165012_1281_1_jpg.rf.6NpLK7iCeStJwSIf6mu3.jpg,494,Vertical,,96.97,18.047,1.0,1,pca,
CFD_033_jpg.rf.6ltsNz0iFWIaS1Db7eDk.jpg,495,Horizontal,,0.99,17.058,0.977,4,pca,
CRACK500_20160330_160938_1_721_jpg.rf.LBNLi1uJ1M4HSJnrQ4qg.jpg,496,Horizontal,,158.87,3.234,1.0,1,pca,
CRACK500_20160405_171336_641_361_jpg.rf.drryOtnvR4XuUFb3RWDU.jpg,497,Horizontal,,167.83,13.337,0.975,2,pca,
DeepCrack_11192_jpg.rf.LEJM99jfg8KUa7ZnawUC.jpg,498,Vertical,,95.71,275.957,1.0,1,pca,
DeepCrack_11215-5_jpg.rf.LRgHrB3foWefbBKqnPTO.jpg,499,Mixed,,6.64,1.459,1.0,1,pca,
CRACK500_20160222_165715_1_721_jpg.rf.Kq1ECr6HqjIJWRS8jQ4S.jpg,500,Horizontal,,168.15,39.481,1.0,1,pca,
CRACK500_20160222_165218_1921_721_jpg.rf.cxq4kfbjxw6MwfRFaoYn.jpg,501,Horizontal,,22.46,3.888,0.955,2,pca,
CRACK500_20160222_114759_641_1_jpg.rf.dvYP1I4rYcmWuQ28DWt0.jpg,502,Mixed,,73.95,1.675,0.36,3,pca,
CRACK500_IMG_2941_1297_969_jpg.rf.L4bgd3vymK8qVCDGzt94.jpg,503,Diagonal,/,153.83,5.569,1.0,1,pca,
CRACK500_20160328_152511_1921_361_jpg.rf.LHel6vGB9c1KvGsbpulq.jpg,504,Horizontal,,171.43,28.282,0.871,2,pca,
CFD_021_jpg.rf.7nUQgTfR95gCpJWWWGXs.jpg,505,Mixed,,44.2,5.6,0.383,4,pca,
CRACK500_20160303_092839_1921_1081_jpg.rf.1QJLATk1ylVgFIRDGcC0.jpg,506,Mixed,,52.7,1.059,1.0,1,pca,
GAPS384_train_0597_1_641_jpg.rf.eCTj9w53u62tz98wVjd1.jpg,507,Vertical,,93.26,90.268,1.0,1,pca,
CRACK500_20160222_165909_1281_1081_jpg.rf.eaNDkDHgSWNhdAPturHR.jpg,508,Vertical,,74.65,163.654,1.0,1,pca,
CRACK500_20160316_143629_1281_721_jpg.rf.e9vlIZyf22G0stTH3r2R.jpg,509,Diagonal,\,25.65,4.767,1.0,1,pca,
CRACK500_20160402_150300_1921_721_jpg.rf.eakcRnRGCbDEcirRSD4B.jpg,510,Horizontal,,179.08,10.39,1.0,1,pca,
CRACK500_20160316_142449_1921_361_jpg.rf.KuAF16Sx6HnfGSlZVize.jpg,511,Diagonal,/,130.31,7.478,1.0,1,pca,
DeepCrack_11289-5_jpg.rf.vf8St22AvvrMNyrUhpMR.jpg,512,Diagonal,/,127.21,125.324,1.0,1,pca,
CRACK500_20160222_115324_1281_721_jpg.rf.etPBkOTD333q3s0yH7Kh.jpg,513,Vertical,,97.87,94.008,1.0,1,pca,
CFD_079_jpg.rf.vpl4bzCvk35P4ir3a6Cw.jpg,514,Mixed,,96.45,2.271,0.26,5,pca,
GAPS384_train_0568_541_641_jpg.rf.vvZ5pDjO4GiHq5D1xG5w.jpg,515,Horizontal,,19.39,26.559,1.0,1,pca,
DeepCrack_IMG_6537-2_jpg.rf.w01dh2QnPtgoP2XTGK5j.jpg,516,Vertical,,102.9,31.7,1.0,1,pca,
CFD_087_jpg.rf.vf5OvBuZKWwjZ67yI1tK.jpg,517,Horizontal,,172.96,32.266,0.999,2,pca,
CFD_050_jpg.rf.vzuYzqjF3u49YW4jpHFt.jpg,518,Horizontal,,167.8,12.878,0.948,2,pca,
CRACK500_20160326_174634_1_721_jpg.rf.vyTs9x8UFDyYX5QmmCzX.jpg,519,Diagonal,\,23.53,1.952,1.0,1,pca,
CRACK500_20160326_142521_1281_721_jpg.rf.wMxFyltODVVHlamS2Z3q.jpg,520,Vertical,,91.28,71.666,1.0,1,pca,
CRACK500_20160306_103638_1_1081_jpg.rf.w2T7RoTZ0J4JutTPOCDW.jpg,521,Vertical,,100.28,22.766,1.0,1,pca,
CRACK500_20160222_115858_641_1_jpg.rf.we642rsgxC9eh9Xh0zWQ.jpg,522,Vertical,,72.87,4.352,0.953,8,pca,
CFD_032_jpg.rf.wkHR0EC308UgZWc6IsbH.jpg,523,Mixed,,29.5,1.774,0.166,5,pca,
DeepCrack_7Q3A9060-7_jpg.rf.wWBv823f4mRbHPSdGPDh.jpg,524,Diagonal,/,154.77,16.116,1.0,1,pca,
CRACK500_20160328_151212_641_721_jpg.rf.wrkvNnvPXfsBvoHjr3kl.jpg,525,Diagonal,\,29.43,7.418,1.0,1,pca,
Eugen_Muller_7723_81_52_433_365_jpg.rf.wzAnAVswT4tMnmD4PSpj.jpg,526,Vertical,,106.04,15.123,0.918,2,pca,
CRACK500_20160222_115828_641_1_jpg.rf.wuwovrHM2msBl5QaoPgT.jpg,527,Vertical,,93.55,5.491,0.991,4,pca,
CRACK500_20160222_080850_1281_361_jpg.rf.x2FVovRYF8J9KRfo51p5.jpg,528,Diagonal,/,151.21,25.015,1.0,1,pca,
CRACK500_20160222_081113_1_721_jpg.rf.x50R5D6p5nTOqyERbTr8.jpg,529,Mixed,,50.83,1.325,0.331,6,pca,
CRACK500_20160222_081102_1921_361_jpg.rf.wzqEKe3nJVQHfLphXftD.jpg,530,Mixed,,47.12,12.643,0.454,2,pca,
CFD_080_jpg.rf.N7nYp8SmVtagzZSuLUUQ.jpg,531,Horizontal,,22.29,3.822,0.681,2,pca,
CRACK500_20160303_093537_1281_361_jpg.rf.xH47EYKAlKEmg8B4qNEl.jpg,532,Vertical,,105.63,56.527,1.0,1,pca,
CRACK500_20160222_081011_1_721_jpg.rf.N89mSGMTMzZSactE4S3g.jpg,533,Horizontal,,10.6,18.38,1.0,1,pca,
CRACK500_20160222_163930_1_1081_jpg.rf.NEQYf4OvXDf5YV0uy9cf.jpg,534,Vertical,,88.46,3.398,0.771,3,pca,
CRACK500_20160222_115833_1281_1081_jpg.rf.wSSnMASdobzTcSkBNhae.jpg,535,Mixed,,178.09,6.27,0.413,3,pca,
CRACK500_20160222_114759_1281_1081_jpg.rf.NN8Jq2MKDrbUDd7cJT2X.jpg,536,Vertical,,86.99,6.893,0.874,7,pca,
CRACK500_20160222_165256_1921_1081_jpg.rf.NrJaH7o8ajxxvvGieWfs.jpg,537,Horizontal,,1.5,24.142,1.0,1,pca,
Rissbilder_for_Florian_9S6A2789_737_2274_3037_3294_jpg.rf.x40ZvW3J2ugdSmcAuX74.jpg,538,Diagonal,/,120.22,4.076,1.0,1,pca,
CRACK500_20160222_081111_1_1_jpg.rf.NWAboeUFZPpWUuEX95eM.jpg,539,Vertical,,89.05,367.598,1.0,1,pca,
CRACK500_20160222_081102_1921_721_jpg.rf.Nu9BlENYbCeulAB3pq4D.jpg,540,Horizontal,,5.79,24.111,1.0,1,pca,
CRACK500_20160328_154339_641_361_jpg.rf.NxjlNDYNLooBNspP02qK.jpg,541,Horizontal,,159.55,9.11,1.0,1,pca,
CRACK500_20160222_165031_641_361_jpg.rf.NDiXrUMUgUS7DN04n7vo.jpg,542,Vertical,,92.73,217.211,1.0,1,pca,
CRACK500_20160328_153536_1921_361_jpg.rf.O6CE9mlESakglIEkxGdw.jpg,543,Mixed,,98.03,1.346,1.0,1,pca,
CRACK500_20160222_115224_1281_1_jpg.rf.O7bl3OPy0to750pXVBG2.jpg,544,Vertical,,110.08,7.493,0.812,2,pca,
CRACK500_20160308_155828_1921_721_jpg.rf.OoqAZTJNaHJhco04ToOl.jpg,545,Horizontal,,4.72,61.293,0.95,2,pca,
GAPS384_train_0686_541_641_jpg.rf.O0w1swUgb5BOUZg7Rxnh.jpg,546,Diagonal,/,112.54,6.804,1.0,1,pca,
CRACK500_20160326_150337_1921_1_jpg.rf.NT1PvfhvWKkhvL6HU5OD.jpg,547,Horizontal,,5.75,9.472,0.68,2,pca,
CRACK500_20160328_153821_1_721_jpg.rf.OD5zCa88QnyJZmX7SFK2.jpg,548,Vertical,,77.52,47.722,1.0,1,pca,
CRACK500_20160330_170507_641_361_jpg.rf.OHCAKQ4dpbgwoeNHEOxc.jpg,549,Horizontal,,179.19,7.528,1.0,1,pca,
CRACK500_20160222_164000_641_1081_jpg.rf.OSn2mWVTtoBWr9dYKxya.jpg,550,Vertical,,110.49,6.69,0.849,3,pca,
GAPS384_train_1053_1_641_jpg.rf.ORa3gRZ5Bo9QJrMBV1ou.jpg,551,Vertical,,91.01,27.202,1.0,1,pca,
CFD_117_jpg.rf.P1wzxresRVa1H097CeKF.jpg,552,Horizontal,,3.73,15.334,0.517,5,pca,
CRACK500_20160222_081102_1921_1081_jpg.rf.OruvFjNmoiYNVYVRcDK6.jpg,553,Mixed,,65.57,1.493,0.297,4,pca,
CRACK500_20160328_153327_1281_361_jpg.rf.Op5HZVTINSUmFJ8Kq0uM.jpg,554,Horizontal,,9.63,17.487,1.0,1,pca,
GAPS384_train_1027_1_1_jpg.rf.JfgrtSBRZlvwBEHbxY8n.jpg,555,Horizontal,,2.36,48.049,1.0,1,pca,
GAPS384_train_0699_1_1_jpg.rf.Nrrdc2tGOUfcjQxR7jCE.jpg,556,Vertical,,88.17,128.47,1.0,1,pca,
CRACK500_20160316_144105_1281_1_jpg.rf.Ji62YQU9rZwWlYrL93TM.jpg,557,Vertical,,85.28,103.021,1.0,1,pca,
DeepCrack_11276-1_jpg.rf.JwuMuCq7V6LpdLnPK4ki.jpg,558,Mixed,,117.49,1.233,0.978,2,pca,
CRACK500_20160222_080933_361_641_jpg.rf.K3T21L6o3QV9qEUxXfGP.jpg,559,Vertical,,99.66,81.12,0.993,2,pca,
CRACK500_20160222_115843_1281_721_jpg.rf.K6lvhRtwDwKk3GXJuWyW.jpg,560,Vertical,,96.53,266.321,1.0,1,pca,
CRACK500_20160222_164141_1_361_jpg.rf.KA1QmNyJ7TwqnEEIFyOQ.jpg,561,Mixed,,41.72,1.434,0.169,11,pca,
CRACK500_IMG_2938_649_485_jpg.rf.JoqigxArCqpWostvBtVG.jpg,562,Horizontal,,172.15,15.256,1.0,1,pca,
CRACK500_20160222_081102_1281_361_jpg.rf.K0JGeGV2bK1abzGAcorG.jpg,563,Horizontal,,169.75,10.736,0.994,2,pca,
CRACK500_IMG_2937_1297_969_jpg.rf.KBWOyVyP4hNGKdR7mXtc.jpg,564,Horizontal,,3.83,79.741,0.788,4,pca,
CRACK500_20160330_170014_641_361_jpg.rf.KVv0lFBOMSSExJvXYmIc.jpg,565,Mixed,,63.78,1.581,1.0,1,pca,
CRACK500_20160328_153357_1_721_jpg.rf.KAchZinq59ZPIpfWOI2b.jpg,566,Horizontal,,174.78,88.533,0.96,2,pca,
CFD_094_jpg.rf.KDpf2AFt3pljh9nTw8Qs.jpg,567,Horizontal,,0.15,213.249,1.0,1,pca,
DeepCrack_11157_jpg.rf.KVfBB01WV5ESJkK9B8a8.jpg,568,Mixed,,64.71,2.696,0.387,3,pca,
CRACK500_20160222_164000_1_361_jpg.rf.NJSRKOmkX5eQrBZ1UiNK.jpg,569,Mixed,,171.25,1.459,0.33,8,pca,
CRACK500_20160222_164141_1_721_jpg.rf.KNJpxWN0gtCYQs7g6D4q.jpg,570,Vertical,,87.77,2.176,0.724,4,pca,
CFD_074_jpg.rf.KIsvJRF1DWMpi5ZuZRPe.jpg,571,Mixed,,40.9,7.4,0.383,4,pca,
CRACK500_20160222_165402_1281_361_jpg.rf.KevhddLLBnqGtquR9WGx.jpg,572,Vertical,,97.0,47.944,0.997,2,pca,
CRACK500_20160222_163940_641_1081_jpg.rf.JzI72r8CBkCnAjOMSxaf.jpg,573,Vertical,,86.95,2.58,0.878,3,pca,
CRACK500_20160222_081031_1921_361_jpg.rf.KbNPWWDM4SRYFMxVBaG8.jpg,574,Horizontal,,6.61,12.09,1.0,1,pca,
CRACK500_20160222_115224_1921_1081_jpg.rf.KWIB0zjFnirSS3x9gQZK.jpg,575,Vertical,,74.32,55.534,1.0,1,pca,
GAPS384_train_1283_541_1_jpg.rf.Kewcvn644xcnnlk5GKcT.jpg,576,Vertical,,82.34,17.408,1.0,1,pca,
CRACK500_20160222_165037_1921_721_jpg.rf.b1915ZnouNFG1Pc5fRKy.jpg,577,Diagonal,/,142.28,16.618,1.0,1,pca,
CRACK500_20160330_170256_1_1_jpg.rf.aWYgYRZBVFiaRNpkWDKZ.jpg,578,Vertical,,72.12,2.681,0.536,2,pca,
CRACK500_20160405_171716_641_721_jpg.rf.aXsLa62JijV0k1qUmNJD.jpg,579,Horizontal,,19.63,1.93,0.513,2,pca,
CRACK500_20160222_115738_1281_1_jpg.rf.KkU4XwczroB4QnpddXMD.jpg,580,Vertical,,91.22,429.293,1.0,2,pca,
CRACK500_20160222_115833_641_361_jpg.rf.as2B0G3sZBjNmO1l56L7.jpg,581,Diagonal,\,60.93,46.711,0.923,3,pca,
CRACK500_20160306_104522_641_361_jpg.rf.bEqQDErmXuo9KJhaqJIh.jpg,582,Horizontal,,4.6,26.06,1.0,1,pca,
cracktree200_6271_jpg.rf.bCz8mIi3QKjDsv7TNbxL.jpg,583,Diagonal,\,63.39,2.914,1.0,1,pca,
DeepCrack_IMG13-6_jpg.rf.b2YHlZmd5Un34uMKHoDo.jpg,584,Horizontal,,1.29,362.768,1.0,1,pca,
CRACK500_20160326_150337_641_361_jpg.rf.bGTXPEqYM1X5Fm6kfx9V.jpg,585,Horizontal,,163.06,11.794,1.0,1,pca,
CRACK500_20160222_164825_641_721_jpg.rf.bm2u94ZEiJ6czFK0VhS0.jpg,586,Diagonal,/,125.46,42.432,1.0,1,pca,
CRACK500_20160222_164920_641_1_jpg.rf.KjRIO93ErnJuXtaPc7EG.jpg,587,Vertical,,88.31,134.421,1.0,1,pca,
CRACK500_20160222_115620_641_721_jpg.rf.KdHanU4Jy4aVO44QyG1t.jpg,588,Vertical,,84.93,507.744,1.0,1,pca,
CRACK500_20160222_164822_641_361_jpg.rf.bRMnLtuDDVoe3swDwZka.jpg,589,Vertical,,90.56,266.478,1.0,1,pca,
CRACK500_20160326_141812_641_721_jpg.rf.bolIJI2hGjqC28AwaZkd.jpg,590,Horizontal,,8.93,19.084,1.0,1,pca,
CRACK500_20160405_172908_1_1_jpg.rf.Kdiu8tBGHwpMBNomLfSe.jpg,591,Diagonal,\,23.85,10.177,1.0,1,pca,
CRACK500_20160222_165909_1281_361_jpg.rf.c0VahOjMgL7udPC4PZY6.jpg,592,Horizontal,,13.23,216.591,1.0,1,pca,
CRACK500_20160328_153524_1281_361_jpg.rf.bmQrPYDkLiS4K7EBSmA1.jpg,593,Horizontal,,4.65,5.225,1.0,1,pca,
CRACK500_20160222_165031_641_721_jpg.rf.KfbhFy68UcCnQ1wUVZK8.jpg,594,Vertical,,95.06,38.413,1.0,1,pca,
CRACK500_20160330_170501_1281_721_jpg.rf.KnYuWeSh0zxNRdR89XIb.jpg,595,Horizontal,,2.75,12.894,1.0,1,pca,
GAPS384_train_0670_541_641_jpg.rf.cQYTpynsQoGYba7DSfAb.jpg,596,Horizontal,,5.01,7.437,1.0,1,pca,
CRACK500_20160316_143603_1921_1_jpg.rf.bQVs35Ydm97mZ2ZGBeER.jpg,597,Vertical,,110.67,2.343,1.0,1,pca,
CRACK500_20160222_163940_1_361_jpg.rf.c5kuxrvKLttZcRdH5jPD.jpg,598,Mixed,,88.97,1.624,0.934,10,pca,
CFD_104_jpg.rf.cHS1Ay9PdMXfgWy9Ga9W.jpg,599,Horizontal,,178.13,110.124,0.936,2,pca,
CFD_022_jpg.rf.xPO2ld2CEIkzqWrHPSw4.jpg,600,Mixed,,23.65,3.473,0.21,2,pca,
CRACK500_20160329_104120_1281_361_jpg.rf.cU9MgMSYt6MxrmfP2dhR.jpg,601,Horizontal,,2.9,5.755,1.0,1,pca,
CRACK500_20160307_163342_1281_361_jpg.rf.xHIxhkauXVoF4fXIfIa0.jpg,602,Vertical,,96.25,29.551,1.0,1,pca,
CRACK500_20160222_115858_641_361_jpg.rf.cYTYFqOPnaE5b5iCq1G6.jpg,603,Vertical,,84.88,7.569,0.815,8,pca,
CFD_083_jpg.rf.xQclW9n92NmOBiPFywlg.jpg,604,Diagonal,\,31.97,18.643,1.0,1,pca,
CRACK500_20160329_094512_1281_1081_jpg.rf.b9ZqzzHhB1uScgORkSe3.jpg,605,Vertical,,89.32,18.973,1.0,1,pca,
CRACK500_20160222_164141_1_1_jpg.rf.bI2tJm9womYSHrSxhVwY.jpg,606,Mixed,,161.84,1.686,0.047,10,pca,
